       1.0,    2335.0,       3.5,       3.5
       2.0,    2425.0,       2.3,       3.7
       3.0,    2460.0,       3.3,       1.8
       4.0,    2178.0,       2.6,       1.5
       5.0,    2536.0,       3.5,       3.5
       6.0,    2150.0,       3.9,       3.8
       7.0,    2363.0,       2.9,       3.8
       8.0,    2590.0,       4.1,       2.3
       9.0,    2106.0,       3.8,       1.8
      10.0,    2172.0,       3.7,       2.1
      11.0,    2263.0,       3.2,       2.5
      12.0,    2165.0,       3.9,       3.5
      13.0,    2215.0,       3.4,       4.3
      14.0,    2392.0,       3.0,       3.3
      15.0,    2152.0,       3.1,       2.1
      16.0,    2674.0,       2.8,       3.5
      17.0,    2254.0,       3.0,       2.9
      18.0,    2753.0,       2.9,       2.0
      19.0,    2758.0,       3.3,       2.0
      20.0,    2570.0,       3.8,       2.7
      21.0,    1954.0,       3.5,       3.9
      22.0,    2071.0,       3.5,       2.9
      23.0,    2321.0,       3.9,       3.4
      24.0,    2036.0,       3.4,       3.0
      25.0,    2688.0,       2.5,       2.4
      26.0,    1963.0,       3.2,       3.0
      27.0,    2465.0,       3.6,       4.1
      28.0,    2293.0,       2.8,       3.5
      29.0,    2667.0,       3.8,       2.9
      30.0,    2069.0,       2.8,       1.7
      31.0,    2644.0,       3.5,       3.1
      32.0,    2454.0,       3.6,       3.5
      33.0,    2245.0,       3.8,       3.2
      34.0,    2559.0,       3.4,       3.6
      35.0,    2710.0,       3.0,       1.4
      36.0,    2185.0,       3.8,       2.3
      37.0,    2264.0,       3.0,       3.6
      38.0,    1893.0,       3.8,       4.5
      39.0,    2204.0,       3.6,       4.3
      40.0,    2169.0,       3.1,       2.4
      41.0,    2430.0,       3.8,       4.4
      42.0,    2426.0,       3.0,       3.4
      43.0,    2295.0,       4.0,       3.5
      44.0,    2229.0,       3.5,       3.2
      45.0,    2624.0,       3.0,       3.5
      46.0,    2414.0,       3.7,       3.2
      47.0,    2786.0,       2.5,       1.7
      48.0,    2606.0,       3.2,       4.2
      49.0,    2164.0,       3.3,       2.0
      50.0,    2170.0,       4.6,       2.6
      51.0,    2508.0,       2.3,       2.3
      52.0,    2174.0,       3.1,       4.2
      53.0,    2438.0,       3.1,       2.6
      54.0,    2493.0,       3.5,       4.1
      55.0,    2505.0,       3.2,       1.9
      56.0,    2500.0,       3.6,       4.0
      57.0,    2224.0,       3.6,       2.1
      58.0,    2057.0,       4.1,       3.8
      59.0,    1918.0,       3.5,       2.3
      60.0,    2344.0,       3.7,       1.7
      61.0,    2833.0,       3.5,       2.7
      62.0,    1932.0,       3.8,       2.0
      63.0,    2728.0,       3.6,       1.9
      64.0,    1954.0,       3.2,       1.9
      65.0,    2104.0,       2.9,       3.4
      66.0,    2278.0,       3.3,       2.1
      67.0,    2738.0,       3.0,       1.3
      68.0,    2174.0,       2.5,       1.9
      69.0,    2610.0,       3.0,       2.8
      70.0,    2672.0,       2.5,       1.1
      71.0,    2680.0,       3.5,       2.9
      72.0,    2412.0,       2.8,       4.1
      73.0,    2523.0,       3.2,       2.5
      74.0,    2552.0,       3.4,       4.3
      75.0,    2613.0,       3.0,       3.3
      76.0,    2414.0,       2.9,       1.6
      77.0,    2321.0,       2.9,       3.3
      78.0,    1720.0,       3.4,       1.5
      79.0,    2116.0,       3.1,       3.3
      80.0,    2387.0,       3.7,       3.4
      81.0,    2700.0,       2.7,       3.8
      82.0,    3002.0,       3.3,       2.3
      83.0,    2359.0,       2.6,       1.4
      84.0,    2290.0,       3.1,       1.4
      85.0,    2079.0,       3.7,       3.7
      86.0,    2717.0,       3.2,       1.7
      87.0,    2062.0,       3.2,       4.2
      88.0,    2136.0,       2.6,       2.0
      89.0,    2283.0,       3.6,       2.8
      90.0,    2160.0,       3.3,       2.1
      91.0,    2826.0,       3.1,       2.7
      92.0,    2533.0,       3.2,       1.8
      93.0,    2268.0,       3.3,       3.4
      94.0,    2659.0,       3.8,       3.3
      95.0,    2219.0,       3.1,       3.5
      96.0,    2678.0,       2.3,       1.2
      97.0,    2580.0,       3.3,       1.4
      98.0,    2097.0,       3.5,       2.6
      99.0,    2210.0,       3.2,       3.3
     100.0,    2359.0,       3.7,       3.5
     101.0,    2011.0,       3.6,       1.6
     102.0,    2554.0,       3.4,       3.5
     103.0,    2248.0,       3.3,       1.8
     104.0,    2265.0,       3.2,       2.4
     105.0,    2154.0,       3.4,       3.5
     106.0,    2339.0,       3.8,       3.1
     107.0,    2495.0,       2.9,       2.0
     108.0,    2524.0,       3.3,       2.3
     109.0,    2580.0,       2.7,       2.1
     110.0,    2676.0,       2.7,       1.5
     111.0,    2457.0,       3.6,       2.5
     112.0,    2220.0,       2.5,       1.8
     113.0,    2475.0,       4.2,       3.1
     114.0,    2141.0,       4.0,       3.9
     115.0,    2409.0,       3.6,       3.0
     116.0,    2329.0,       3.3,       2.1
     117.0,    2335.0,       3.5,       1.8
     118.0,    2369.0,       3.1,       2.7
     119.0,    2156.0,       3.0,       1.5
     120.0,    1940.0,       3.4,       3.5
     121.0,    2308.0,       3.8,       1.7
     122.0,    2793.0,       2.9,       2.0
     123.0,    2039.0,       3.1,       1.8
     124.0,    2397.0,       3.3,       2.6
     125.0,    2582.0,       3.7,       2.5
     126.0,    2519.0,       3.1,       2.9
     127.0,    2422.0,       3.1,       3.6
     128.0,    2320.0,       3.3,       4.3
     129.0,    2967.0,       2.9,       1.5
     130.0,    2546.0,       3.2,       3.9
     131.0,    2666.0,       3.2,       3.0
     132.0,    2623.0,       3.1,       2.7
     133.0,    2184.0,       3.5,       3.1
     134.0,    2471.0,       3.9,       4.3
     135.0,    2711.0,       2.9,       2.2
     136.0,    2468.0,       3.7,       1.9
     137.0,    2354.0,       3.4,       2.6
     138.0,    2211.0,       3.5,       3.7
     139.0,    2504.0,       4.0,       1.8
     140.0,    2414.0,       3.3,       3.8
     141.0,    2753.0,       2.6,       1.2
     142.0,    2027.0,       3.7,       3.8
     143.0,    2465.0,       3.8,       4.2
     144.0,    2264.0,       3.0,       1.9
     145.0,    2569.0,       3.5,       3.3
     146.0,    2510.0,       3.6,       2.8
     147.0,    2610.0,       3.1,       2.4
     148.0,    2651.0,       2.4,       1.7
     149.0,    2394.0,       2.4,       3.8
     150.0,    2119.0,       3.6,       2.2
     151.0,    2500.0,       2.4,       2.7
     152.0,    2365.0,       3.1,       4.2
     153.0,    2549.0,       2.8,       3.3
     154.0,    2239.0,       3.3,       2.0
     155.0,    2561.0,       3.2,       1.6
     156.0,    2281.0,       3.0,       3.4
     157.0,    2561.0,       3.6,       3.2
     158.0,    2377.0,       3.2,       3.5
     159.0,    2391.0,       3.1,       1.6
     160.0,    2403.0,       3.3,       3.8
     161.0,    2178.0,       3.5,       1.7
     162.0,    2239.0,       3.4,       2.4
     163.0,    2530.0,       3.5,       3.4
     164.0,    2479.0,       2.9,       1.3
     165.0,    2341.0,       3.9,       3.9
     166.0,    2309.0,       3.3,       2.5
     167.0,    2462.0,       3.3,       2.0
     168.0,    2044.0,       3.7,       2.5
     169.0,    2135.0,       2.9,       3.3
     170.0,    2657.0,       3.0,       2.3
     171.0,    2968.0,       2.6,       3.4
     172.0,    2580.0,       3.0,       3.9
     173.0,    2379.0,       4.4,       3.9
     174.0,    2692.0,       3.1,       3.1
     175.0,    2217.0,       4.1,       4.1
     176.0,    2479.0,       3.7,       2.5
     177.0,    2756.0,       3.3,       4.2
     178.0,    2430.0,       3.5,       2.3
     179.0,    2546.0,       3.8,       3.7
     180.0,    2511.0,       3.9,       3.6
     181.0,    2104.0,       4.0,       3.3
     182.0,    2753.0,       3.7,       4.4
     183.0,    2326.0,       3.1,       1.9
     184.0,    2496.0,       2.7,       1.3
     185.0,    2576.0,       3.9,       4.0
     186.0,    2168.0,       4.3,       3.6
     187.0,    2554.0,       2.2,       3.5
     188.0,    2415.0,       2.9,       2.9
     189.0,    2220.0,       4.9,       2.4
     190.0,    2484.0,       3.0,       2.4
     191.0,    2111.0,       3.1,       1.8
     192.0,    2114.0,       3.7,       4.1
     193.0,    2341.0,       2.9,       3.8
     194.0,    1936.0,       3.5,       2.9
     195.0,    3111.0,       2.4,       2.9
     196.0,    2622.0,       2.8,       3.9
     197.0,    2634.0,       3.1,       1.8
     198.0,    2225.0,       3.1,       2.4
     199.0,    2471.0,       3.1,       4.0
     200.0,    2532.0,       3.3,       3.2
     201.0,    2052.0,       3.3,       2.7
     202.0,    2557.0,       3.4,       3.0
     203.0,    2340.0,       4.1,       2.2
     204.0,    2388.0,       3.1,       2.1
     205.0,    2308.0,       2.3,       3.6
     206.0,    2436.0,       2.3,       3.8
     207.0,    2671.0,       4.0,       2.8
     208.0,    2614.0,       3.0,       3.9
     209.0,    2581.0,       3.2,       2.7
     210.0,    2244.0,       3.4,       2.3
     211.0,    2399.0,       3.7,       4.5
     212.0,    2211.0,       2.6,       3.1
     213.0,    2479.0,       3.8,       4.3
     214.0,    2331.0,       3.5,       3.2
     215.0,    2351.0,       3.1,       1.4
     216.0,    2126.0,       3.7,       2.3
     217.0,    1838.0,       3.8,       2.3
     218.0,    2524.0,       3.7,       1.8
     219.0,    2283.0,       3.2,       3.4
     220.0,    2371.0,       2.8,       3.0
     221.0,    2401.0,       3.5,       3.9
     222.0,    2041.0,       3.9,       3.4
     223.0,    2615.0,       3.3,       1.5
     224.0,    2660.0,       2.1,       3.0
     225.0,    2133.0,       4.1,       2.8
     226.0,    2595.0,       2.8,       1.5
     227.0,    2222.0,       3.4,       2.2
     228.0,    2978.0,       2.7,       3.6
     229.0,    2523.0,       3.2,       3.6
     230.0,    2349.0,       3.9,       2.2
     231.0,    1981.0,       2.8,       3.5
     232.0,    1995.0,       2.9,       1.8
     233.0,    2637.0,       3.4,       2.0
     234.0,    2298.0,       3.2,       3.4
     235.0,    2285.0,       3.0,       1.5
     236.0,    2534.0,       3.6,       4.0
     237.0,    2660.0,       3.0,       2.5
     238.0,    2556.0,       3.6,       2.2
     239.0,    2290.0,       3.7,       3.6
     240.0,    2459.0,       3.1,       4.2
     241.0,    2452.0,       3.3,       2.9
     242.0,    2446.0,       3.1,       3.9
     243.0,    2066.0,       4.0,       3.8
     244.0,    2637.0,       2.6,       1.4
     245.0,    2355.0,       3.3,       1.5
     246.0,    2548.0,       2.9,       3.4
     247.0,    2731.0,       3.0,       3.4
     248.0,    2689.0,       3.1,       3.5
     249.0,    2048.0,       3.5,       2.7
     250.0,    2627.0,       3.2,       2.0
     251.0,    2135.0,       4.1,       1.8
     252.0,    2691.0,       3.0,       3.0
     253.0,    2228.0,       3.2,       3.6
     254.0,    2832.0,       2.9,       1.9
     255.0,    2092.0,       3.7,       1.8
     256.0,    2399.0,       2.4,       2.7
     257.0,    2383.0,       3.5,       2.7
     258.0,    1898.0,       3.2,       3.7
     259.0,    2156.0,       3.2,       3.7
     260.0,    2316.0,       3.4,       3.6
     261.0,    2306.0,       3.4,       2.6
     262.0,    2449.0,       3.5,       3.1
     263.0,    2732.0,       1.7,       3.1
     264.0,    2526.0,       4.0,       2.8
     265.0,    2612.0,       3.2,       2.5
     266.0,    2121.0,       3.5,       2.4
     267.0,    2365.0,       2.6,       1.8
     268.0,    2138.0,       4.0,       4.0
     269.0,    2102.0,       3.5,       2.9
     270.0,    2317.0,       4.0,       3.5
     271.0,    2275.0,       3.7,       4.1
     272.0,    2440.0,       2.5,       2.5
     273.0,    2219.0,       3.9,       2.5
     274.0,    2266.0,       3.4,       3.2
     275.0,    2043.0,       3.0,       1.4
     276.0,    2428.0,       3.1,       1.5
     277.0,    2052.0,       3.6,       3.0
     278.0,    2621.0,       3.2,       2.8
     279.0,    2447.0,       3.7,       2.4
     280.0,    2364.0,       3.8,       3.9
     281.0,    2192.0,       3.8,       3.7
     282.0,    2326.0,       3.3,       2.5
     283.0,    2584.0,       3.1,       4.2
     284.0,    1930.0,       4.0,       4.2
     285.0,    2366.0,       4.2,       1.9
     286.0,    2110.0,       3.3,       3.1
     287.0,    2869.0,       2.2,       1.7
     288.0,    2197.0,       3.1,       3.8
     289.0,    2230.0,       4.2,       4.4
     290.0,    2339.0,       3.5,       3.8
     291.0,    2485.0,       2.9,       2.0
     292.0,    1898.0,       3.3,       3.2
     293.0,    2420.0,       3.8,       3.5
     294.0,    2136.0,       4.2,       4.3
     295.0,    2171.0,       2.9,       3.8
     296.0,    2639.0,       3.2,       1.9
     297.0,    2457.0,       3.6,       2.5
     298.0,    2417.0,       3.0,       1.9
     299.0,    2435.0,       2.9,       1.3
     300.0,    2526.0,       3.3,       1.5
     301.0,    2136.0,       3.8,       4.6
     302.0,    2618.0,       3.2,       3.9
     303.0,    2636.0,       3.1,       4.2
     304.0,    2334.0,       3.8,       3.5
     305.0,    2512.0,       2.9,       2.4
     306.0,    2215.0,       4.0,       2.3
     307.0,    2668.0,       3.1,       3.0
     308.0,    2277.0,       2.6,       2.2
     309.0,    2744.0,       2.9,       2.1
     310.0,    2325.0,       3.1,       3.9
     311.0,    2764.0,       3.6,       4.2
     312.0,    2515.0,       3.4,       1.6
     313.0,    2416.0,       3.1,       1.8
     314.0,    2413.0,       3.6,       3.7
     315.0,    2182.0,       4.0,       3.9
     316.0,    2278.0,       3.6,       2.0
     317.0,    2620.0,       2.8,       2.1
     318.0,    2479.0,       3.3,       4.2
     319.0,    2059.0,       3.9,       2.0
     320.0,    2651.0,       3.4,       2.3
     321.0,    2324.0,       3.5,       1.8
     322.0,    2351.0,       3.1,       4.2
     323.0,    2728.0,       3.1,       3.2
     324.0,    2124.0,       3.3,       4.1
     325.0,    2410.0,       3.8,       3.8
     326.0,    2593.0,       3.4,       3.6
     327.0,    2225.0,       3.8,       3.7
     328.0,    2481.0,       3.4,       3.6
     329.0,    2084.0,       4.0,       3.2
     330.0,    2347.0,       3.4,       3.3
     331.0,    2333.0,       3.2,       2.6
     332.0,    2487.0,       2.9,       3.2
     333.0,    2382.0,       2.9,       1.4
     334.0,    2158.0,       3.7,       3.1
     335.0,    2438.0,       3.2,       3.7
     336.0,    2230.0,       3.2,       3.2
     337.0,    2403.0,       2.8,       3.8
     338.0,    2581.0,       3.6,       3.5
     339.0,    2567.0,       3.2,       4.0
     340.0,    2292.0,       3.3,       2.2
     341.0,    2421.0,       3.4,       3.5
     342.0,    2552.0,       3.7,       2.6
     343.0,    2919.0,       3.0,       2.0
     344.0,    2504.0,       3.8,       3.4
     345.0,    2134.0,       4.0,       4.4
     346.0,    1914.0,       3.7,       2.7
     347.0,    2845.0,       2.7,       3.4
     348.0,    2907.0,       3.0,       1.7
     349.0,    2470.0,       3.5,       3.0
     350.0,    2565.0,       3.4,       3.6
     351.0,    2804.0,       3.4,       2.1
     352.0,    2532.0,       3.4,       4.1
     353.0,    3045.0,       2.7,       2.0
     354.0,    2314.0,       3.8,       2.8
     355.0,    2671.0,       3.1,       1.6
     356.0,    2396.0,       3.2,       1.4
     357.0,    2530.0,       3.4,       1.9
     358.0,    2272.0,       2.6,       4.0
     359.0,    2236.0,       3.2,       2.6
     360.0,    2534.0,       3.9,       2.2
     361.0,    2662.0,       3.4,       1.5
     362.0,    2859.0,       3.0,       1.9
     363.0,    1964.0,       2.9,       1.4
     364.0,    2656.0,       2.9,       2.6
     365.0,    2130.0,       3.7,       3.8
     366.0,    2534.0,       2.8,       1.5
     367.0,    2696.0,       4.0,       3.4
     368.0,    2422.0,       4.2,       2.7
     369.0,    1933.0,       2.8,       1.3
     370.0,    2181.0,       3.1,       1.6
     371.0,    2284.0,       3.7,       3.7
     372.0,    2252.0,       3.6,       1.6
     373.0,    2382.0,       2.6,       2.6
     374.0,    2411.0,       2.8,       4.0
     375.0,    2137.0,       3.4,       3.6
     376.0,    2154.0,       3.2,       3.6
     377.0,    2718.0,       2.9,       2.7
     378.0,    2751.0,       3.1,       1.6
     379.0,    1913.0,       3.3,       3.5
     380.0,    2455.0,       3.0,       2.4
     381.0,    2689.0,       2.7,       2.1
     382.0,    2362.0,       3.6,       3.4
     383.0,    2269.0,       3.3,       2.3
     384.0,    2705.0,       2.5,       2.6
     385.0,    2207.0,       3.6,       3.1
     386.0,    2613.0,       3.3,       3.9
     387.0,    2436.0,       4.3,       2.5
     388.0,    2978.0,       3.1,       2.6
     389.0,    2607.0,       4.1,       3.7
     390.0,    2357.0,       2.2,       2.1
     391.0,    2581.0,       3.5,       3.5
     392.0,    2662.0,       2.6,       2.5
     393.0,    2630.0,       3.5,       2.0
     394.0,    2496.0,       2.6,       1.8
     395.0,    1948.0,       3.6,       4.3
     396.0,    2237.0,       3.5,       2.4
     397.0,    2642.0,       3.3,       1.9
     398.0,    2597.0,       2.6,       3.1
     399.0,    2266.0,       3.3,       2.8
     400.0,    2277.0,       3.4,       4.3
     401.0,    2266.0,       3.0,       2.4
     402.0,    2444.0,       3.6,       3.0
     403.0,    2036.0,       4.0,       2.8
     404.0,    2079.0,       3.9,       2.7
     405.0,    2496.0,       3.1,       2.9
     406.0,    2202.0,       3.1,       2.6
     407.0,    2488.0,       3.3,       2.3
     408.0,    2773.0,       2.7,       2.6
     409.0,    2444.0,       3.4,       1.8
     410.0,    2247.0,       3.0,       3.3
     411.0,    2369.0,       3.5,       2.4
     412.0,    2369.0,       3.8,       3.3
     413.0,    2607.0,       3.6,       3.8
     414.0,    2373.0,       2.7,       3.6
     415.0,    1916.0,       4.0,       4.0
     416.0,    2253.0,       3.7,       3.5
     417.0,    2464.0,       2.5,       3.2
     418.0,    2525.0,       3.0,       3.8
     419.0,    2610.0,       3.3,       4.1
     420.0,    2591.0,       3.2,       3.2
     421.0,    1994.0,       3.3,       1.8
     422.0,    2548.0,       2.5,       2.5
     423.0,    1902.0,       3.4,       2.7
     424.0,    2430.0,       3.2,       3.0
     425.0,    2142.0,       3.3,       3.8
     426.0,    2559.0,       2.8,       3.4
     427.0,    2468.0,       4.5,       3.1
     428.0,    2266.0,       3.4,       2.4
     429.0,    2311.0,       3.7,       1.9
     430.0,    2329.0,       3.1,       3.7
     431.0,    2650.0,       2.9,       3.5
     432.0,    2282.0,       3.4,       2.2
     433.0,    2169.0,       3.4,       3.9
     434.0,    2066.0,       3.3,       3.1
     435.0,    2537.0,       2.2,       1.9
     436.0,    2112.0,       4.1,       2.0
     437.0,    1949.0,       3.2,       3.0
     438.0,    2482.0,       3.9,       3.0
     439.0,    2566.0,       3.3,       3.9
     440.0,    2580.0,       4.1,       2.7
     441.0,    1933.0,       3.4,       3.2
     442.0,    2682.0,       2.3,       2.2
     443.0,    2470.0,       3.4,       2.7
     444.0,    2372.0,       2.5,       3.1
     445.0,    2157.0,       4.1,       3.1
     446.0,    2375.0,       3.7,       2.5
     447.0,    2760.0,       3.2,       3.4
     448.0,    2237.0,       2.9,       2.1
     449.0,    2214.0,       3.6,       2.7
     450.0,    2453.0,       3.0,       3.8
     451.0,    2643.0,       3.6,       3.1
     452.0,    2380.0,       3.1,       1.4
     453.0,    2092.0,       3.5,       3.8
     454.0,    2790.0,       2.8,       4.0
     455.0,    2330.0,       3.5,       2.9
     456.0,    2249.0,       3.5,       2.7
     457.0,    2430.0,       3.0,       1.4
     458.0,    2377.0,       2.5,       1.3
     459.0,    2122.0,       3.3,       3.9
     460.0,    1956.0,       3.5,       2.8
     461.0,    2094.0,       3.3,       1.7
     462.0,    2623.0,       2.6,       2.9
     463.0,    2325.0,       3.5,       2.9
     464.0,    2389.0,       3.7,       4.3
     465.0,    2533.0,       3.7,       1.9
     466.0,    2223.0,       3.2,       1.9
     467.0,    2402.0,       3.1,       1.8
     468.0,    2524.0,       2.7,       3.4
     469.0,    2289.0,       3.6,       2.1
     470.0,    1998.0,       3.9,       2.6
     471.0,    2145.0,       3.6,       1.6
     472.0,    2653.0,       4.1,       1.8
     473.0,    2283.0,       3.4,       3.7
     474.0,    2262.0,       3.8,       2.7
     475.0,    2580.0,       2.7,       3.9
     476.0,    2590.0,       2.5,       2.8
     477.0,    2140.0,       3.2,       2.8
     478.0,    2229.0,       3.8,       2.4
     479.0,    2055.0,       3.4,       2.1
     480.0,    2738.0,       3.3,       4.1
     481.0,    2141.0,       3.9,       3.1
     482.0,    2747.0,       2.9,       3.8
     483.0,    2588.0,       2.9,       1.3
     484.0,    2168.0,       3.8,       3.2
     485.0,    2311.0,       2.4,       3.6
     486.0,    2458.0,       3.2,       3.2
     487.0,    2533.0,       3.1,       3.1
     488.0,    2528.0,       3.5,       3.4
     489.0,    2291.0,       3.1,       3.2
     490.0,    2451.0,       3.1,       3.3
     491.0,    2293.0,       3.9,       3.9
     492.0,    2674.0,       2.9,       1.7
     493.0,    2453.0,       2.9,       3.5
     494.0,    2206.0,       3.2,       3.2
     495.0,    2313.0,       2.9,       1.3
     496.0,    2403.0,       3.5,       1.7
     497.0,    2056.0,       3.1,       4.2
     498.0,    2747.0,       3.1,       2.4
     499.0,    2485.0,       3.1,       2.3
     500.0,    2300.0,       3.6,       2.7
     501.0,    2417.0,       3.4,       1.7
     502.0,    1991.0,       2.9,       2.2
     503.0,    2003.0,       4.1,       4.3
     504.0,    2398.0,       3.9,       4.0
     505.0,    2276.0,       3.2,       4.3
     506.0,    2110.0,       3.7,       2.4
     507.0,    2301.0,       3.0,       3.3
     508.0,    2099.0,       3.6,       3.7
     509.0,    2601.0,       3.0,       2.7
     510.0,    2048.0,       2.8,       3.3
     511.0,    1853.0,       3.4,       2.8
     512.0,    2114.0,       3.2,       1.5
     513.0,    2397.0,       2.6,       2.0
     514.0,    2367.0,       3.1,       2.2
     515.0,    1583.0,       4.9,       2.8
     516.0,    2542.0,       3.9,       4.5
     517.0,    2636.0,       2.8,       3.4
     518.0,    2690.0,       3.0,       2.9
     519.0,    2307.0,       3.5,       3.7
     520.0,    2484.0,       3.9,       4.1
     521.0,    2632.0,       3.6,       1.8
     522.0,    2439.0,       3.0,       3.5
     523.0,    2816.0,       2.8,       3.6
     524.0,    2377.0,       3.0,       2.2
     525.0,    2483.0,       3.6,       2.6
     526.0,    2087.0,       3.6,       4.3
     527.0,    2339.0,       3.7,       2.3
     528.0,    2350.0,       2.9,       2.1
     529.0,    1754.0,       3.5,       3.8
     530.0,    2179.0,       4.3,       3.5
     531.0,    2586.0,       3.3,       2.6
     532.0,    2411.0,       3.1,       2.7
     533.0,    2550.0,       3.1,       4.1
     534.0,    2187.0,       3.5,       3.8
     535.0,    2793.0,       2.7,       1.2
     536.0,    2885.0,       2.9,       3.7
     537.0,    2463.0,       3.7,       2.5
     538.0,    2296.0,       3.6,       4.0
     539.0,    2198.0,       3.3,       3.9
     540.0,    2488.0,       3.5,       3.2
     541.0,    2574.0,       2.3,       3.8
     542.0,    2196.0,       3.5,       4.4
     543.0,    2487.0,       2.9,       3.5
     544.0,    2185.0,       3.3,       1.6
     545.0,    2487.0,       3.2,       4.1
     546.0,    2160.0,       3.6,       2.7
     547.0,    2494.0,       3.0,       2.0
     548.0,    2346.0,       3.4,       3.7
     549.0,    2417.0,       2.8,       2.1
     550.0,    2904.0,       3.7,       2.1
     551.0,    1795.0,       3.6,       2.8
     552.0,    2468.0,       2.9,       1.3
     553.0,    2286.0,       3.2,       4.3
     554.0,    2077.0,       4.3,       2.3
     555.0,    2610.0,       3.2,       3.3
     556.0,    2318.0,       3.6,       1.9
     557.0,    2437.0,       3.8,       1.9
     558.0,    2492.0,       3.6,       2.7
     559.0,    2172.0,       3.3,       3.2
     560.0,    2782.0,       1.8,       1.3
     561.0,    2637.0,       3.2,       2.3
     562.0,    2650.0,       3.5,       3.8
     563.0,    2590.0,       3.7,       4.1
     564.0,    2484.0,       4.0,       1.9
     565.0,    2389.0,       2.8,       2.1
     566.0,    2112.0,       3.7,       3.8
     567.0,    2792.0,       2.7,       3.7
     568.0,    2522.0,       4.0,       3.7
     569.0,    2469.0,       2.6,       2.7
     570.0,    2528.0,       3.4,       1.9
     571.0,    2157.0,       3.5,       3.2
     572.0,    2469.0,       4.5,       3.3
     573.0,    2696.0,       3.9,       3.3
     574.0,    2631.0,       2.5,       2.0
     575.0,    2488.0,       3.8,       3.4
     576.0,    2491.0,       3.7,       2.1
     577.0,    2249.0,       3.0,       3.1
     578.0,    2526.0,       2.3,       1.4
     579.0,    2540.0,       3.3,       2.6
     580.0,    2365.0,       3.8,       4.0
     581.0,    2088.0,       4.3,       4.3
     582.0,    2308.0,       3.4,       4.4
     583.0,    2533.0,       2.7,       1.8
     584.0,    2918.0,       2.8,       4.1
     585.0,    2539.0,       3.4,       3.5
     586.0,    2181.0,       3.5,       2.8
     587.0,    2631.0,       3.8,       2.8
     588.0,    2631.0,       3.2,       3.5
     589.0,    1948.0,       4.1,       3.0
     590.0,    2357.0,       3.9,       4.2
     591.0,    2875.0,       3.2,       2.1
     592.0,    2104.0,       4.2,       4.0
     593.0,    2989.0,       3.0,       1.4
     594.0,    2103.0,       3.3,       4.1
     595.0,    2448.0,       3.2,       1.6
     596.0,    2378.0,       3.5,       2.7
     597.0,    2029.0,       3.5,       2.6
     598.0,    2525.0,       2.7,       2.2
     599.0,    2596.0,       2.8,       4.0
     600.0,    2415.0,       3.8,       2.6
     601.0,    1894.0,       3.7,       2.5
     602.0,    2563.0,       2.3,       2.0
     603.0,    2403.0,       2.9,       4.1
     604.0,    2084.0,       3.2,       2.1
     605.0,    2422.0,       3.2,       3.5
     606.0,    2296.0,       3.3,       4.2
     607.0,    2177.0,       3.3,       1.5
     608.0,    2209.0,       3.6,       2.9
     609.0,    2342.0,       3.5,       2.9
     610.0,    2633.0,       3.0,       3.5
     611.0,    2606.0,       2.4,       2.5
     612.0,    2891.0,       2.8,       3.5
     613.0,    2237.0,       4.3,       4.8
     614.0,    2050.0,       3.4,       4.1
     615.0,    2360.0,       3.5,       3.6
     616.0,    2555.0,       2.6,       3.2
     617.0,    2657.0,       3.5,       3.5
     618.0,    2342.0,       2.9,       3.6
     619.0,    2392.0,       3.2,       4.0
     620.0,    2384.0,       3.0,       1.9
     621.0,    1984.0,       3.2,       2.7
     622.0,    2297.0,       3.5,       3.5
     623.0,    2612.0,       2.8,       1.2
     624.0,    2554.0,       3.3,       3.8
     625.0,    2740.0,       2.6,       1.8
     626.0,    2339.0,       3.5,       3.6
     627.0,    2688.0,       3.0,       3.0
     628.0,    2246.0,       3.5,       3.5
     629.0,    2395.0,       2.7,       1.6
     630.0,    2734.0,       3.7,       2.0
     631.0,    2623.0,       3.0,       1.8
     632.0,    2270.0,       4.4,       3.3
     633.0,    2353.0,       3.2,       2.0
     634.0,    2216.0,       4.0,       2.0
     635.0,    2640.0,       3.6,       2.4
     636.0,    2311.0,       4.3,       4.7
     637.0,    2559.0,       3.5,       1.9
     638.0,    3125.0,       2.7,       1.6
     639.0,    2724.0,       2.6,       3.0
     640.0,    2710.0,       1.9,       3.5
     641.0,    2431.0,       3.1,       2.8
     642.0,    2419.0,       3.7,       4.5
     643.0,    2449.0,       3.9,       3.0
     644.0,    2255.0,       3.2,       2.3
     645.0,    2675.0,       3.2,       1.7
     646.0,    2213.0,       3.7,       2.0
     647.0,    1965.0,       4.2,       4.4
     648.0,    2464.0,       4.0,       2.0
     649.0,    2495.0,       3.5,       1.5
     650.0,    2742.0,       3.3,       3.7
     651.0,    2282.0,       3.5,       4.1
     652.0,    2652.0,       2.8,       1.3
     653.0,    2665.0,       3.6,       3.9
     654.0,    2256.0,       2.9,       4.0
     655.0,    1968.0,       3.9,       3.3
     656.0,    2615.0,       2.9,       3.5
     657.0,    2470.0,       3.2,       1.5
     658.0,    2108.0,       4.0,       3.3
     659.0,    2329.0,       3.8,       3.3
     660.0,    2502.0,       3.5,       1.8
     661.0,    2289.0,       3.1,       3.6
     662.0,    2121.0,       3.6,       2.2
     663.0,    2391.0,       3.7,       3.8
     664.0,    2478.0,       3.9,       3.2
     665.0,    2478.0,       2.8,       2.5
     666.0,    2489.0,       3.3,       2.5
     667.0,    2144.0,       3.5,       2.2
     668.0,    2331.0,       3.4,       4.3
     669.0,    2350.0,       3.8,       2.6
     670.0,    2507.0,       3.3,       2.6
     671.0,    1962.0,       4.1,       2.0
     672.0,    2127.0,       2.9,       3.5
     673.0,    2660.0,       3.0,       3.2
     674.0,    2336.0,       3.0,       1.4
     675.0,    2674.0,       3.4,       3.9
     676.0,    2395.0,       3.4,       2.7
     677.0,    2111.0,       3.5,       2.6
     678.0,    2429.0,       3.0,       3.5
     679.0,    2055.0,       3.6,       3.4
     680.0,    2564.0,       2.9,       3.1
     681.0,    2615.0,       2.3,       2.5
     682.0,    2405.0,       4.1,       2.7
     683.0,    2260.0,       3.7,       2.6
     684.0,    1933.0,       3.8,       2.5
     685.0,    2336.0,       3.9,       3.4
     686.0,    2579.0,       2.7,       3.1
     687.0,    2669.0,       4.2,       3.7
     688.0,    2515.0,       3.2,       3.0
     689.0,    1997.0,       4.4,       2.4
     690.0,    2138.0,       3.0,       3.0
     691.0,    2585.0,       2.7,       1.6
     692.0,    2279.0,       3.1,       1.8
     693.0,    2907.0,       2.5,       3.7
     694.0,    2649.0,       2.8,       1.5
     695.0,    2749.0,       2.9,       2.9
     696.0,    2440.0,       3.9,       3.4
     697.0,    2767.0,       2.9,       2.9
     698.0,    2055.0,       3.5,       2.6
     699.0,    2033.0,       3.6,       1.7
     700.0,    2189.0,       2.8,       3.4
     701.0,    2509.0,       3.5,       4.3
     702.0,    2375.0,       2.8,       3.6
     703.0,    2443.0,       2.4,       2.9
     704.0,    2357.0,       4.4,       2.6
     705.0,    2234.0,       3.7,       4.1
     706.0,    2210.0,       3.1,       3.7
     707.0,    2656.0,       3.3,       4.3
     708.0,    2073.0,       2.8,       3.3
     709.0,    2600.0,       2.5,       2.9
     710.0,    1768.0,       3.7,       3.0
     711.0,    2604.0,       3.0,       3.2
     712.0,    2300.0,       3.6,       2.8
     713.0,    2304.0,       3.1,       3.1
     714.0,    2550.0,       3.2,       1.5
     715.0,    2558.0,       3.4,       3.4
     716.0,    2084.0,       3.8,       3.9
     717.0,    2450.0,       3.5,       2.4
     718.0,    2443.0,       2.9,       1.3
     719.0,    2997.0,       3.2,       2.8
     720.0,    2175.0,       3.9,       2.9
     721.0,    2594.0,       2.3,       1.6
     722.0,    2338.0,       2.9,       2.9
     723.0,    2238.0,       3.8,       2.8
     724.0,    2175.0,       3.4,       4.3
     725.0,    2482.0,       2.9,       3.9
     726.0,    2559.0,       3.1,       1.7
     727.0,    2272.0,       3.0,       1.4
     728.0,    2386.0,       4.3,       2.2
     729.0,    2491.0,       3.1,       2.1
     730.0,    2542.0,       2.2,       2.0
     731.0,    2404.0,       3.3,       1.7
     732.0,    1981.0,       3.2,       2.2
     733.0,    2407.0,       3.7,       3.5
     734.0,    2297.0,       3.1,       1.7
     735.0,    2143.0,       3.7,       3.7
     736.0,    2299.0,       4.0,       3.7
     737.0,    2382.0,       3.4,       2.5
     738.0,    2102.0,       2.8,       2.0
     739.0,    2060.0,       2.7,       1.4
     740.0,    2511.0,       2.4,       1.1
     741.0,    2884.0,       2.5,       3.1
     742.0,    2416.0,       3.0,       1.6
     743.0,    2639.0,       2.7,       1.8
     744.0,    2517.0,       3.3,       1.9
     745.0,    2557.0,       3.6,       1.6
     746.0,    2271.0,       3.9,       4.2
     747.0,    2426.0,       4.0,       4.4
     748.0,    2110.0,       3.5,       4.1
     749.0,    2440.0,       2.8,       3.5
     750.0,    2455.0,       4.1,       3.4
     751.0,    2234.0,       3.9,       1.8
     752.0,    2187.0,       3.8,       4.2
     753.0,    2656.0,       2.8,       2.2
     754.0,    2483.0,       2.1,       2.5
     755.0,    2239.0,       2.3,       1.8
     756.0,    2433.0,       3.0,       1.4
     757.0,    2372.0,       2.8,       3.1
     758.0,    2489.0,       3.7,       4.2
     759.0,    2447.0,       3.5,       1.6
     760.0,    2457.0,       3.6,       3.2
     761.0,    2555.0,       2.6,       3.9
     762.0,    2280.0,       2.4,       2.3
     763.0,    2387.0,       2.7,       1.6
     764.0,    2382.0,       3.3,       2.8
     765.0,    2793.0,       3.3,       2.6
     766.0,    2254.0,       3.0,       1.7
     767.0,    2367.0,       3.7,       2.1
     768.0,    2439.0,       3.1,       1.6
     769.0,    2411.0,       3.6,       3.3
     770.0,    2373.0,       3.5,       1.9
     771.0,    2473.0,       3.6,       1.7
     772.0,    2462.0,       3.9,       3.8
     773.0,    2622.0,       3.1,       4.1
     774.0,    2300.0,       3.1,       3.1
     775.0,    2258.0,       3.0,       2.1
     776.0,    2479.0,       4.0,       3.5
     777.0,    2805.0,       2.6,       2.8
     778.0,    2099.0,       3.7,       3.6
     779.0,    2512.0,       3.5,       2.0
     780.0,    2333.0,       3.8,       4.2
     781.0,    2036.0,       2.9,       1.5
     782.0,    2866.0,       3.6,       3.4
     783.0,    2498.0,       3.9,       1.9
     784.0,    2362.0,       3.5,       1.8
     785.0,    2173.0,       3.3,       3.9
     786.0,    2327.0,       3.3,       3.6
     787.0,    2348.0,       2.2,       2.2
     788.0,    2392.0,       3.5,       2.2
     789.0,    2747.0,       3.5,       3.3
     790.0,    2158.0,       4.2,       3.0
     791.0,    2197.0,       3.4,       2.7
     792.0,    2249.0,       3.5,       2.8
     793.0,    1923.0,       3.7,       4.0
     794.0,    2657.0,       3.2,       3.7
     795.0,    1947.0,       3.5,       3.5
     796.0,    2247.0,       3.9,       4.1
     797.0,    2488.0,       3.4,       3.2
     798.0,    2651.0,       2.3,       2.1
     799.0,    2538.0,       3.1,       2.2
     800.0,    2666.0,       3.1,       3.6
     801.0,    2627.0,       3.2,       2.6
     802.0,    2057.0,       3.6,       3.8
     803.0,    2915.0,       2.2,       1.2
     804.0,    2605.0,       3.6,       3.6
     805.0,    2119.0,       3.5,       1.5
     806.0,    2260.0,       3.2,       3.8
     807.0,    2558.0,       3.1,       3.6
     808.0,    2620.0,       3.5,       3.0
     809.0,    2294.0,       3.3,       3.4
     810.0,    2422.0,       3.8,       3.4
     811.0,    2763.0,       3.1,       3.8
     812.0,    2320.0,       3.2,       1.9
     813.0,    2332.0,       3.2,       2.5
     814.0,    2061.0,       3.6,       2.0
     815.0,    2421.0,       2.6,       3.2
     816.0,    2113.0,       3.0,       2.2
     817.0,    2262.0,       3.0,       1.8
     818.0,    2340.0,       3.2,       3.7
     819.0,    2384.0,       3.1,       3.6
     820.0,    2164.0,       3.3,       2.7
     821.0,    2455.0,       3.0,       2.4
     822.0,    2341.0,       3.6,       4.1
     823.0,    2129.0,       3.5,       1.9
     824.0,    2471.0,       2.7,       2.8
     825.0,    2300.0,       4.2,       4.2
     826.0,    2468.0,       3.6,       4.0
     827.0,    2931.0,       2.3,       3.6
     828.0,    2101.0,       3.6,       4.1
     829.0,    2545.0,       3.3,       1.9
     830.0,    2230.0,       3.3,       1.9
     831.0,    2722.0,       3.5,       3.0
     832.0,    2271.0,       3.7,       1.8
     833.0,    2841.0,       3.5,       4.1
     834.0,    2794.0,       2.1,       2.7
     835.0,    2215.0,       3.1,       3.1
     836.0,    2277.0,       3.6,       4.2
     837.0,    2426.0,       2.9,       2.2
     838.0,    2204.0,       3.4,       3.0
     839.0,    2511.0,       3.2,       4.3
     840.0,    2689.0,       2.1,       3.1
     841.0,    2539.0,       3.1,       2.5
     842.0,    2109.0,       3.5,       2.0
     843.0,    2592.0,       2.3,       2.3
     844.0,    2329.0,       3.4,       2.4
     845.0,    2567.0,       2.8,       1.4
     846.0,    2533.0,       3.3,       1.6
     847.0,    2453.0,       3.1,       2.1
     848.0,    2815.0,       2.7,       1.3
     849.0,    2202.0,       3.4,       3.4
     850.0,    2309.0,       3.6,       1.7
     851.0,    2645.0,       2.5,       2.7
     852.0,    2407.0,       4.0,       3.4
     853.0,    2464.0,       2.9,       1.6
     854.0,    1928.0,       3.7,       2.2
     855.0,    2364.0,       2.8,       3.3
     856.0,    2465.0,       3.4,       2.6
     857.0,    2575.0,       3.1,       3.5
     858.0,    3073.0,       2.3,       1.1
     859.0,    2268.0,       3.4,       3.6
     860.0,    2669.0,       2.9,       3.6
     861.0,    2850.0,       3.3,       4.1
     862.0,    2720.0,       2.9,       3.6
     863.0,    2436.0,       3.3,       3.9
     864.0,    2553.0,       2.8,       3.6
     865.0,    2721.0,       2.9,       3.5
     866.0,    1869.0,       3.3,       3.1
     867.0,    2428.0,       3.9,       2.9
     868.0,    1885.0,       3.5,       3.7
     869.0,    2009.0,       3.9,       1.8
     870.0,    2877.0,       3.3,       2.4
     871.0,    2286.0,       3.3,       2.5
     872.0,    2340.0,       3.6,       3.8
     873.0,    2365.0,       3.1,       1.6
     874.0,    2340.0,       3.6,       3.4
     875.0,    2625.0,       3.2,       1.5
     876.0,    2189.0,       3.7,       4.5
     877.0,    2530.0,       3.0,       4.2
     878.0,    2172.0,       3.5,       1.6
     879.0,    2269.0,       4.2,       2.6
     880.0,    2451.0,       2.5,       1.9
     881.0,    2328.0,       3.6,       3.9
     882.0,    2438.0,       3.7,       2.1
     883.0,    2527.0,       3.5,       1.6
     884.0,    2119.0,       3.4,       2.4
     885.0,    2585.0,       2.8,       3.1
     886.0,    1953.0,       3.1,       3.6
     887.0,    1895.0,       4.2,       2.8
     888.0,    2777.0,       2.7,       2.9
     889.0,    2725.0,       3.5,       1.7
     890.0,    2854.0,       2.9,       2.5
     891.0,    2215.0,       4.2,       2.1
     892.0,    2688.0,       2.0,       3.6
     893.0,    2350.0,       3.9,       2.8
     894.0,    2425.0,       2.5,       1.3
     895.0,    2228.0,       3.6,       3.5
     896.0,    1903.0,       3.7,       3.7
     897.0,    1939.0,       3.9,       1.8
     898.0,    2098.0,       3.1,       2.5
     899.0,    2132.0,       2.4,       2.0
     900.0,    2114.0,       4.4,       4.2
     901.0,    2307.0,       3.6,       3.1
     902.0,    2627.0,       2.8,       3.7
     903.0,    2739.0,       2.8,       2.4
     904.0,    2835.0,       2.8,       2.6
     905.0,    2142.0,       3.5,       2.8
     906.0,    2430.0,       3.4,       3.4
     907.0,    2076.0,       3.4,       1.7
     908.0,    2380.0,       3.4,       3.1
     909.0,    2465.0,       3.8,       3.1
     910.0,    2637.0,       2.7,       3.5
     911.0,    2749.0,       3.6,       4.3
     912.0,    2040.0,       3.5,       3.2
     913.0,    1842.0,       4.3,       2.5
     914.0,    2473.0,       2.5,       3.5
     915.0,    2097.0,       4.2,       2.1
     916.0,    2230.0,       3.1,       2.8
     917.0,    2087.0,       4.4,       4.6
     918.0,    2116.0,       3.3,       2.1
     919.0,    2430.0,       3.6,       2.3
     920.0,    2340.0,       3.1,       4.0
     921.0,    2667.0,       2.8,       1.7
     922.0,    2314.0,       3.7,       1.6
     923.0,    2454.0,       2.9,       3.0
     924.0,    2345.0,       3.2,       2.0
     925.0,    2349.0,       2.9,       2.5
     926.0,    2873.0,       2.5,       1.5
     927.0,    2281.0,       3.4,       4.1
     928.0,    2018.0,       3.6,       3.3
     929.0,    2484.0,       2.4,       3.9
     930.0,    2450.0,       3.2,       1.6
     931.0,    2288.0,       3.0,       4.0
     932.0,    2681.0,       3.2,       2.3
     933.0,    2571.0,       2.6,       2.4
     934.0,    2237.0,       3.7,       4.1
     935.0,    2006.0,       3.4,       2.9
     936.0,    2742.0,       3.2,       3.3
     937.0,    2174.0,       4.0,       4.4
     938.0,    2183.0,       3.3,       2.9
     939.0,    2720.0,       3.1,       1.6
     940.0,    2029.0,       2.4,       1.0
     941.0,    2492.0,       3.1,       3.5
     942.0,    2435.0,       2.8,       3.7
     943.0,    2434.0,       2.9,       3.8
     944.0,    2441.0,       2.9,       3.6
     945.0,    2472.0,       3.3,       3.1
     946.0,    2400.0,       3.1,       3.3
     947.0,    2106.0,       3.6,       2.0
     948.0,    2083.0,       3.5,       3.2
     949.0,    2703.0,       2.6,       2.1
     950.0,    2012.0,       3.4,       4.0
     951.0,    2290.0,       2.8,       3.0
     952.0,    2754.0,       3.5,       3.0
     953.0,    2675.0,       2.0,       2.2
     954.0,    2609.0,       3.3,       4.0
     955.0,    2486.0,       3.4,       1.5
     956.0,    2302.0,       3.3,       1.7
     957.0,    2123.0,       3.3,       3.0
     958.0,    2920.0,       3.0,       1.6
     959.0,    2357.0,       3.2,       4.1
     960.0,    2277.0,       3.3,       3.1
     961.0,    2727.0,       3.1,       2.2
     962.0,    2142.0,       3.8,       3.7
     963.0,    2310.0,       3.0,       3.8
     964.0,    1934.0,       4.4,       4.3
     965.0,    2292.0,       3.4,       1.8
     966.0,    2148.0,       3.5,       3.9
     967.0,    2543.0,       4.3,       3.4
     968.0,    2507.0,       2.8,       2.4
     969.0,    2459.0,       3.0,       3.5
     970.0,    2457.0,       3.2,       2.4
     971.0,    2241.0,       2.8,       1.2
     972.0,    2301.0,       2.9,       1.3
     973.0,    2427.0,       2.7,       3.6
     974.0,    2642.0,       3.1,       4.2
     975.0,    2453.0,       3.1,       2.9
     976.0,    2412.0,       3.6,       4.3
     977.0,    2449.0,       4.3,       3.0
     978.0,    2558.0,       3.1,       1.9
     979.0,    2375.0,       3.3,       3.3
     980.0,    2059.0,       3.6,       4.3
     981.0,    2452.0,       3.8,       3.3
     982.0,    2287.0,       2.8,       1.4
     983.0,    2398.0,       2.9,       2.7
     984.0,    2530.0,       3.8,       3.3
     985.0,    2786.0,       2.8,       3.1
     986.0,    2708.0,       3.3,       3.5
     987.0,    1844.0,       3.7,       2.4
     988.0,    2312.0,       3.4,       2.4
     989.0,    2057.0,       3.1,       3.2
     990.0,    2754.0,       3.7,       3.4
     991.0,    2560.0,       2.4,       3.9
     992.0,    2171.0,       2.8,       3.9
     993.0,    2360.0,       3.9,       4.4
     994.0,    2280.0,       3.6,       4.4
     995.0,    2546.0,       3.4,       4.4
     996.0,    2339.0,       3.6,       4.0
     997.0,    2492.0,       3.1,       4.1
     998.0,    2520.0,       3.4,       1.7
     999.0,    2267.0,       4.0,       1.7
    1000.0,    2266.0,       2.8,       3.3
    1001.0,    2256.0,       3.5,       4.4
    1002.0,    2347.0,       3.6,       3.8
    1003.0,    2572.0,       4.0,       3.7
    1004.0,    2155.0,       3.3,       4.3
    1005.0,    2024.0,       2.5,       2.4
    1006.0,    2639.0,       3.1,       3.1
    1007.0,    2741.0,       3.5,       1.9
    1008.0,    2750.0,       3.6,       4.0
    1009.0,    2578.0,       3.6,       2.6
    1010.0,    2440.0,       3.4,       2.1
    1011.0,    2563.0,       3.1,       3.2
    1012.0,    2426.0,       3.5,       3.4
    1013.0,    2688.0,       3.0,       2.6
    1014.0,    2109.0,       4.4,       4.2
    1015.0,    2174.0,       3.1,       1.8
    1016.0,    2674.0,       2.6,       2.8
    1017.0,    2284.0,       3.4,       4.2
    1018.0,    2667.0,       3.4,       3.7
    1019.0,    2351.0,       2.8,       2.4
    1020.0,    2800.0,       2.6,       2.8
    1021.0,    2567.0,       3.0,       3.9
    1022.0,    2394.0,       3.8,       3.8
    1023.0,    2801.0,       2.7,       1.7
    1024.0,    2513.0,       3.2,       1.7
    1025.0,    2100.0,       3.7,       1.9
    1026.0,    2739.0,       3.0,       2.1
    1027.0,    2552.0,       3.0,       3.5
    1028.0,    2264.0,       3.2,       3.6
    1029.0,    2527.0,       3.1,       2.4
    1030.0,    2186.0,       4.4,       4.5
    1031.0,    2154.0,       3.7,       4.3
    1032.0,    2260.0,       3.4,       3.9
    1033.0,    2416.0,       3.4,       2.5
    1034.0,    2580.0,       3.0,       1.8
    1035.0,    2399.0,       3.3,       3.7
    1036.0,    2394.0,       4.1,       3.7
    1037.0,    1931.0,       3.6,       3.0
    1038.0,    2465.0,       3.8,       3.5
    1039.0,    2531.0,       3.1,       1.6
    1040.0,    2176.0,       3.5,       2.4
    1041.0,    2857.0,       3.3,       3.7
    1042.0,    2466.0,       3.0,       1.5
    1043.0,    2287.0,       3.6,       3.1
    1044.0,    1787.0,       3.9,       4.2
    1045.0,    2488.0,       3.3,       3.4
    1046.0,    2416.0,       3.2,       2.3
    1047.0,    2309.0,       2.6,       1.9
    1048.0,    2447.0,       3.0,       1.3
    1049.0,    2148.0,       3.0,       3.4
    1050.0,    2671.0,       2.8,       3.0
    1051.0,    2122.0,       3.6,       2.1
    1052.0,    2470.0,       3.7,       4.2
    1053.0,    2396.0,       3.2,       4.1
    1054.0,    2058.0,       3.7,       3.0
    1055.0,    2267.0,       3.3,       4.2
    1056.0,    2539.0,       3.1,       2.5
    1057.0,    2707.0,       3.4,       1.8
    1058.0,    2428.0,       3.2,       2.8
    1059.0,    2434.0,       3.6,       1.7
    1060.0,    1837.0,       3.7,       2.4
    1061.0,    2775.0,       2.9,       3.3
    1062.0,    2081.0,       3.4,       3.0
    1063.0,    2224.0,       3.7,       1.9
    1064.0,    2292.0,       2.8,       1.6
    1065.0,    2438.0,       2.9,       2.5
    1066.0,    2590.0,       3.3,       3.0
    1067.0,    2462.0,       2.8,       3.7
    1068.0,    1930.0,       3.5,       2.1
    1069.0,    2441.0,       2.1,       1.3
    1070.0,    2299.0,       3.1,       1.8
    1071.0,    2180.0,       3.6,       3.2
    1072.0,    2488.0,       3.2,       3.0
    1073.0,    2539.0,       3.8,       4.1
    1074.0,    2619.0,       3.0,       2.5
    1075.0,    2862.0,       2.7,       3.9
    1076.0,    2296.0,       3.9,       3.7
    1077.0,    2239.0,       3.2,       2.6
    1078.0,    2144.0,       4.3,       4.5
    1079.0,    2447.0,       2.9,       1.4
    1080.0,    2303.0,       3.1,       2.1
    1081.0,    2449.0,       2.2,       3.2
    1082.0,    2309.0,       3.1,       3.8
    1083.0,    2497.0,       3.4,       4.2
    1084.0,    2589.0,       3.1,       1.9
    1085.0,    2692.0,       3.0,       3.9
    1086.0,    2471.0,       3.0,       2.8
    1087.0,    2391.0,       2.6,       3.5
    1088.0,    2451.0,       3.3,       2.9
    1089.0,    1960.0,       4.2,       4.6
    1090.0,    2545.0,       3.0,       2.1
    1091.0,    2416.0,       2.9,       4.0
    1092.0,    2320.0,       4.1,       4.4
    1093.0,    2016.0,       3.7,       3.1
    1094.0,    1826.0,       3.8,       3.1
    1095.0,    2339.0,       4.2,       3.7
    1096.0,    2499.0,       3.2,       3.3
    1097.0,    2024.0,       3.4,       3.3
    1098.0,    2309.0,       3.4,       3.2
    1099.0,    2374.0,       3.2,       1.7
    1100.0,    2151.0,       3.1,       2.0
    1101.0,    2691.0,       2.7,       4.0
    1102.0,    2970.0,       2.4,       3.6
    1103.0,    2108.0,       4.2,       3.9
    1104.0,    2329.0,       3.9,       4.1
    1105.0,    2523.0,       3.5,       1.7
    1106.0,    2114.0,       2.8,       4.0
    1107.0,    2104.0,       3.1,       3.9
    1108.0,    1856.0,       3.8,       3.7
    1109.0,    2438.0,       3.6,       2.4
    1110.0,    2140.0,       2.9,       3.2
    1111.0,    2583.0,       3.6,       3.2
    1112.0,    2775.0,       2.8,       3.6
    1113.0,    2718.0,       3.6,       2.7
    1114.0,    2469.0,       3.4,       4.0
    1115.0,    2047.0,       4.3,       4.8
    1116.0,    1694.0,       3.6,       1.9
    1117.0,    1879.0,       3.6,       3.8
    1118.0,    2537.0,       3.6,       2.6
    1119.0,    2198.0,       2.7,       1.7
    1120.0,    2347.0,       2.8,       2.4
    1121.0,    2424.0,       3.0,       1.7
    1122.0,    2552.0,       3.7,       3.8
    1123.0,    2390.0,       4.3,       2.2
    1124.0,    2211.0,       4.1,       3.1
    1125.0,    2278.0,       2.4,       3.7
    1126.0,    1950.0,       4.2,       4.6
    1127.0,    1948.0,       3.6,       3.7
    1128.0,    2491.0,       3.0,       2.5
    1129.0,    2595.0,       3.2,       1.6
    1130.0,    2540.0,       3.4,       1.8
    1131.0,    2614.0,       3.4,       4.1
    1132.0,    2099.0,       3.7,       2.7
    1133.0,    1990.0,       3.5,       1.9
    1134.0,    2412.0,       3.2,       3.0
    1135.0,    2409.0,       3.3,       1.6
    1136.0,    2581.0,       2.3,       3.4
    1137.0,    2250.0,       2.7,       1.7
    1138.0,    2482.0,       3.2,       3.6
    1139.0,    2189.0,       3.6,       2.7
    1140.0,    2488.0,       3.4,       2.3
    1141.0,    2230.0,       2.7,       3.4
    1142.0,    2460.0,       3.8,       2.0
    1143.0,    1989.0,       3.6,       3.6
    1144.0,    2334.0,       3.2,       3.0
    1145.0,    2387.0,       2.8,       1.3
    1146.0,    1968.0,       4.3,       2.5
    1147.0,    2310.0,       2.9,       3.7
    1148.0,    2439.0,       3.1,       3.3
    1149.0,    2684.0,       3.4,       3.2
    1150.0,    2335.0,       3.2,       2.9
    1151.0,    2238.0,       3.9,       2.1
    1152.0,    2323.0,       3.2,       2.8
    1153.0,    2556.0,       3.3,       2.6
    1154.0,    2392.0,       3.1,       2.7
    1155.0,    2582.0,       3.3,       1.9
    1156.0,    2202.0,       3.6,       3.8
    1157.0,    2266.0,       3.3,       2.2
    1158.0,    2409.0,       2.7,       4.0
    1159.0,    2387.0,       2.9,       3.7
    1160.0,    2602.0,       3.1,       3.7
    1161.0,    2903.0,       2.4,       3.2
    1162.0,    2131.0,       3.5,       4.2
    1163.0,    2762.0,       2.5,       3.6
    1164.0,    2351.0,       3.4,       3.6
    1165.0,    2198.0,       3.7,       3.4
    1166.0,    2514.0,       3.1,       2.7
    1167.0,    2903.0,       2.5,       2.0
    1168.0,    2894.0,       2.4,       3.8
    1169.0,    2585.0,       2.6,       2.0
    1170.0,    2454.0,       2.4,       2.2
    1171.0,    2311.0,       3.2,       3.9
    1172.0,    2426.0,       2.9,       3.3
    1173.0,    2436.0,       3.1,       3.2
    1174.0,    2461.0,       2.9,       3.4
    1175.0,    2420.0,       2.9,       1.4
    1176.0,    2070.0,       4.1,       2.1
    1177.0,    2799.0,       2.9,       2.4
    1178.0,    2564.0,       3.3,       2.0
    1179.0,    2427.0,       2.9,       2.3
    1180.0,    1886.0,       3.8,       2.6
    1181.0,    2371.0,       3.1,       3.9
    1182.0,    2724.0,       3.9,       2.1
    1183.0,    2227.0,       3.9,       1.8
    1184.0,    2530.0,       3.4,       4.2
    1185.0,    2102.0,       4.0,       3.5
    1186.0,    2610.0,       3.0,       2.1
    1187.0,    2481.0,       3.3,       2.8
    1188.0,    2240.0,       2.9,       2.8
    1189.0,    2020.0,       3.2,       3.8
    1190.0,    2406.0,       3.5,       3.4
    1191.0,    2424.0,       3.7,       4.4
    1192.0,    2919.0,       2.8,       3.7
    1193.0,    2653.0,       3.6,       3.1
    1194.0,    1949.0,       3.4,       2.7
    1195.0,    2415.0,       2.5,       3.8
    1196.0,    2768.0,       3.4,       3.9
    1197.0,    2239.0,       3.0,       3.2
    1198.0,    2528.0,       3.4,       3.9
    1199.0,    2370.0,       3.1,       1.8
    1200.0,    2725.0,       2.8,       2.8
    1201.0,    2469.0,       2.8,       4.1
    1202.0,    2372.0,       3.1,       2.5
    1203.0,    2286.0,       3.4,       3.1
    1204.0,    2436.0,       3.2,       4.3
    1205.0,    1962.0,       3.7,       4.5
    1206.0,    2725.0,       3.7,       3.5
    1207.0,    2124.0,       2.8,       1.7
    1208.0,    2784.0,       2.8,       3.3
    1209.0,    2751.0,       3.4,       1.7
    1210.0,    2628.0,       3.1,       2.1
    1211.0,    2273.0,       3.3,       3.5
    1212.0,    2420.0,       3.5,       1.9
    1213.0,    2674.0,       2.7,       3.0
    1214.0,    2249.0,       3.3,       2.2
    1215.0,    2499.0,       3.0,       2.0
    1216.0,    2561.0,       3.8,       4.4
    1217.0,    2567.0,       3.6,       2.3
    1218.0,    2159.0,       3.5,       3.4
    1219.0,    2057.0,       4.5,       2.9
    1220.0,    2068.0,       3.3,       4.2
    1221.0,    2562.0,       3.5,       3.4
    1222.0,    2347.0,       3.2,       3.4
    1223.0,    2390.0,       3.3,       3.5
    1224.0,    2219.0,       3.7,       2.4
    1225.0,    2225.0,       3.2,       3.7
    1226.0,    2411.0,       3.5,       2.9
    1227.0,    2073.0,       4.1,       4.1
    1228.0,    2488.0,       3.6,       2.3
    1229.0,    1742.0,       3.0,       1.6
    1230.0,    2212.0,       3.5,       1.8
    1231.0,    2668.0,       3.4,       2.6
    1232.0,    2832.0,       2.8,       2.8
    1233.0,    2057.0,       3.7,       2.8
    1234.0,    2168.0,       4.2,       3.8
    1235.0,    2434.0,       3.3,       3.9
    1236.0,    2086.0,       3.4,       1.6
    1237.0,    2727.0,       2.2,       3.3
    1238.0,    2785.0,       3.3,       3.6
    1239.0,    2294.0,       3.8,       3.8
    1240.0,    2493.0,       3.0,       1.4
    1241.0,    2625.0,       2.6,       4.0
    1242.0,    1961.0,       3.5,       3.8
    1243.0,    2397.0,       2.9,       1.6
    1244.0,    2397.0,       2.3,       1.6
    1245.0,    2274.0,       4.1,       3.7
    1246.0,    2414.0,       3.8,       2.2
    1247.0,    2320.0,       3.4,       2.1
    1248.0,    2717.0,       3.0,       1.3
    1249.0,    2311.0,       3.2,       3.7
    1250.0,    2489.0,       3.4,       3.3
    1251.0,    2233.0,       3.4,       2.2
    1252.0,    2557.0,       3.0,       3.2
    1253.0,    2535.0,       3.4,       2.0
    1254.0,    2434.0,       3.7,       3.3
    1255.0,    2386.0,       3.4,       2.2
    1256.0,    2291.0,       2.4,       3.3
    1257.0,    2409.0,       2.8,       2.3
    1258.0,    2933.0,       2.2,       2.5
    1259.0,    2227.0,       3.4,       4.0
    1260.0,    2799.0,       3.2,       2.3
    1261.0,    2940.0,       2.6,       2.7
    1262.0,    2398.0,       3.9,       4.2
    1263.0,    2317.0,       3.4,       3.1
    1264.0,    2293.0,       3.3,       1.7
    1265.0,    2561.0,       3.2,       3.8
    1266.0,    2838.0,       3.6,       3.7
    1267.0,    2343.0,       4.3,       4.7
    1268.0,    2543.0,       3.3,       3.9
    1269.0,    2386.0,       2.8,       1.3
    1270.0,    1912.0,       3.2,       1.9
    1271.0,    2544.0,       2.7,       2.8
    1272.0,    2793.0,       2.9,       1.6
    1273.0,    2545.0,       3.0,       2.9
    1274.0,    2567.0,       3.3,       2.3
    1275.0,    2138.0,       3.5,       3.5
    1276.0,    2341.0,       3.3,       3.8
    1277.0,    2610.0,       2.8,       2.2
    1278.0,    2822.0,       2.4,       3.7
    1279.0,    1982.0,       2.8,       2.4
    1280.0,    2787.0,       2.4,       2.7
    1281.0,    2326.0,       2.2,       2.5
    1282.0,    2494.0,       4.1,       2.1
    1283.0,    1798.0,       4.8,       3.0
    1284.0,    2695.0,       3.0,       2.0
    1285.0,    2784.0,       3.0,       1.3
    1286.0,    2006.0,       4.3,       2.7
    1287.0,    2372.0,       2.9,       3.2
    1288.0,    2479.0,       3.1,       2.3
    1289.0,    2243.0,       2.9,       1.6
    1290.0,    2132.0,       3.6,       4.0
    1291.0,    2203.0,       3.3,       2.4
    1292.0,    2570.0,       2.9,       2.1
    1293.0,    2568.0,       3.2,       1.8
    1294.0,    2102.0,       3.9,       2.4
    1295.0,    2459.0,       3.9,       2.6
    1296.0,    1836.0,       3.8,       4.0
    1297.0,    2388.0,       3.7,       4.1
    1298.0,    2248.0,       3.5,       2.7
    1299.0,    2220.0,       3.5,       3.8
    1300.0,    2321.0,       3.3,       3.3
    1301.0,    2268.0,       3.8,       2.7
    1302.0,    2570.0,       3.3,       2.2
    1303.0,    2313.0,       3.9,       4.1
    1304.0,    2537.0,       3.2,       1.6
    1305.0,    2502.0,       3.3,       1.6
    1306.0,    2553.0,       3.5,       4.1
    1307.0,    1809.0,       4.0,       4.2
    1308.0,    2694.0,       3.7,       4.2
    1309.0,    1991.0,       2.7,       1.7
    1310.0,    2578.0,       3.3,       2.8
    1311.0,    1910.0,       3.4,       4.1
    1312.0,    2270.0,       3.0,       1.6
    1313.0,    2120.0,       4.0,       1.8
    1314.0,    2588.0,       2.3,       1.9
    1315.0,    1958.0,       4.0,       2.8
    1316.0,    2223.0,       3.4,       2.0
    1317.0,    2625.0,       2.9,       1.6
    1318.0,    2236.0,       2.7,       3.3
    1319.0,    2465.0,       2.9,       3.2
    1320.0,    2376.0,       3.5,       2.9
    1321.0,    1768.0,       3.5,       4.1
    1322.0,    2276.0,       3.5,       3.6
    1323.0,    2813.0,       2.4,       2.9
    1324.0,    2589.0,       3.0,       2.8
    1325.0,    2612.0,       3.2,       1.9
    1326.0,    2644.0,       2.4,       2.8
    1327.0,    2386.0,       3.2,       3.0
    1328.0,    2239.0,       3.1,       4.0
    1329.0,    2603.0,       2.7,       3.7
    1330.0,    1995.0,       3.8,       4.1
    1331.0,    2250.0,       3.3,       3.0
    1332.0,    2603.0,       3.0,       3.2
    1333.0,    2739.0,       2.6,       1.3
    1334.0,    2221.0,       2.9,       4.0
    1335.0,    2361.0,       3.7,       2.0
    1336.0,    2811.0,       2.9,       2.7
    1337.0,    2455.0,       3.4,       3.5
    1338.0,    2174.0,       3.0,       2.4
    1339.0,    2436.0,       2.8,       1.9
    1340.0,    2475.0,       3.1,       1.4
    1341.0,    2794.0,       2.9,       3.2
    1342.0,    2331.0,       3.9,       3.3
    1343.0,    2416.0,       2.8,       2.8
    1344.0,    1973.0,       3.7,       4.5
    1345.0,    2391.0,       3.1,       4.2
    1346.0,    2268.0,       2.9,       3.0
    1347.0,    2336.0,       2.9,       2.3
    1348.0,    2838.0,       3.0,       2.5
    1349.0,    2559.0,       3.5,       1.5
    1350.0,    2422.0,       3.0,       4.0
    1351.0,    2347.0,       3.6,       3.3
    1352.0,    2676.0,       2.9,       3.8
    1353.0,    2345.0,       3.4,       2.8
    1354.0,    2400.0,       3.0,       2.0
    1355.0,    2539.0,       3.9,       3.0
    1356.0,    2108.0,       3.4,       3.1
    1357.0,    2735.0,       3.6,       3.3
    1358.0,    2797.0,       3.6,       3.4
    1359.0,    2815.0,       2.6,       3.0
    1360.0,    2956.0,       2.8,       3.8
    1361.0,    2328.0,       3.3,       4.2
    1362.0,    2406.0,       3.8,       1.9
    1363.0,    2593.0,       2.6,       3.9
    1364.0,    2424.0,       3.2,       3.7
    1365.0,    2638.0,       3.6,       3.8
    1366.0,    2550.0,       2.9,       4.1
    1367.0,    2436.0,       2.6,       3.4
    1368.0,    2720.0,       3.4,       2.6
    1369.0,    2795.0,       3.1,       3.2
    1370.0,    2240.0,       3.5,       1.9
    1371.0,    2313.0,       3.5,       1.9
    1372.0,    2307.0,       4.2,       3.0
    1373.0,    2579.0,       3.6,       2.5
    1374.0,    2365.0,       2.9,       3.6
    1375.0,    2437.0,       3.0,       4.0
    1376.0,    2282.0,       2.9,       2.4
    1377.0,    2029.0,       3.3,       2.1
    1378.0,    2585.0,       2.9,       2.0
    1379.0,    2170.0,       3.6,       4.5
    1380.0,    2566.0,       2.5,       1.6
    1381.0,    1914.0,       3.3,       2.7
    1382.0,    2458.0,       3.5,       3.6
    1383.0,    2070.0,       3.8,       3.2
    1384.0,    2439.0,       3.4,       4.0
    1385.0,    2825.0,       2.6,       2.0
    1386.0,    2411.0,       3.8,       1.9
    1387.0,    2706.0,       3.7,       2.1
    1388.0,    2002.0,       3.0,       4.1
    1389.0,    1860.0,       3.5,       2.5
    1390.0,    2325.0,       4.2,       3.0
    1391.0,    2871.0,       3.4,       3.1
    1392.0,    2550.0,       2.9,       3.5
    1393.0,    2701.0,       2.1,       2.0
    1394.0,    2441.0,       3.9,       3.8
    1395.0,    2709.0,       3.1,       2.4
    1396.0,    2408.0,       3.4,       1.6
    1397.0,    2149.0,       4.2,       3.3
    1398.0,    2182.0,       3.4,       4.1
    1399.0,    2041.0,       3.8,       3.7
    1400.0,    2516.0,       3.0,       3.9
    1401.0,    2301.0,       3.3,       4.2
    1402.0,    2433.0,       3.2,       3.9
    1403.0,    2894.0,       3.2,       2.7
    1404.0,    2478.0,       3.0,       2.6
    1405.0,    2396.0,       3.4,       3.0
    1406.0,    2703.0,       2.7,       2.3
    1407.0,    2653.0,       3.2,       3.7
    1408.0,    2512.0,       3.7,       3.9
    1409.0,    2126.0,       3.3,       4.0
    1410.0,    2215.0,       4.1,       4.5
    1411.0,    2168.0,       4.5,       2.0
    1412.0,    2415.0,       3.2,       4.0
    1413.0,    1879.0,       4.1,       3.2
    1414.0,    2891.0,       2.6,       1.2
    1415.0,    2193.0,       2.9,       2.2
    1416.0,    2159.0,       3.4,       2.5
    1417.0,    2537.0,       3.2,       1.5
    1418.0,    2364.0,       3.0,       2.9
    1419.0,    2598.0,       3.2,       4.0
    1420.0,    1944.0,       4.5,       4.2
    1421.0,    2250.0,       3.5,       2.8
    1422.0,    1719.0,       4.1,       2.9
    1423.0,    2244.0,       3.5,       2.9
    1424.0,    2702.0,       2.7,       2.1
    1425.0,    2788.0,       2.0,       2.8
    1426.0,    2831.0,       2.8,       2.9
    1427.0,    1699.0,       4.1,       3.6
    1428.0,    2700.0,       1.5,       0.8
    1429.0,    2469.0,       3.5,       2.3
    1430.0,    2358.0,       3.6,       2.0
    1431.0,    2593.0,       2.7,       1.9
    1432.0,    2332.0,       2.8,       3.4
    1433.0,    2801.0,       2.8,       3.0
    1434.0,    2517.0,       3.4,       3.1
    1435.0,    2926.0,       3.0,       3.2
    1436.0,    2148.0,       3.4,       4.2
    1437.0,    2454.0,       3.6,       1.9
    1438.0,    2594.0,       2.9,       2.8
    1439.0,    2274.0,       3.5,       2.1
    1440.0,    2292.0,       4.4,       4.4
    1441.0,    2174.0,       3.9,       1.7
    1442.0,    2475.0,       3.7,       1.8
    1443.0,    2530.0,       3.5,       3.3
    1444.0,    2148.0,       3.1,       2.9
    1445.0,    2278.0,       4.0,       2.2
    1446.0,    2331.0,       3.4,       2.8
    1447.0,    2008.0,       3.0,       3.6
    1448.0,    2361.0,       4.0,       1.7
    1449.0,    2802.0,       3.4,       2.0
    1450.0,    2402.0,       3.0,       1.5
    1451.0,    2621.0,       2.2,       1.5
    1452.0,    2356.0,       2.9,       1.8
    1453.0,    2225.0,       4.3,       3.9
    1454.0,    1970.0,       4.2,       3.4
    1455.0,    2392.0,       3.7,       4.1
    1456.0,    2568.0,       2.8,       1.6
    1457.0,    2096.0,       2.8,       3.2
    1458.0,    2446.0,       3.2,       2.4
    1459.0,    2551.0,       2.9,       1.9
    1460.0,    2124.0,       3.8,       4.1
    1461.0,    2851.0,       3.5,       3.4
    1462.0,    2660.0,       2.9,       3.4
    1463.0,    2414.0,       3.7,       3.6
    1464.0,    2192.0,       3.9,       4.6
    1465.0,    2332.0,       3.0,       1.5
    1466.0,    2491.0,       3.6,       2.4
    1467.0,    2368.0,       3.6,       2.5
    1468.0,    2237.0,       3.4,       2.3
    1469.0,    2327.0,       3.1,       3.4
    1470.0,    2474.0,       3.1,       1.4
    1471.0,    2294.0,       3.1,       2.9
    1472.0,    2634.0,       3.5,       2.2
    1473.0,    2598.0,       2.4,       3.8
    1474.0,    2567.0,       2.9,       2.5
    1475.0,    2447.0,       3.0,       3.9
    1476.0,    2286.0,       3.3,       3.3
    1477.0,    2014.0,       3.9,       4.6
    1478.0,    2591.0,       2.5,       3.0
    1479.0,    2284.0,       3.2,       2.7
    1480.0,    2619.0,       4.1,       4.2
    1481.0,    2440.0,       3.0,       3.9
    1482.0,    2631.0,       2.8,       3.9
    1483.0,    2421.0,       3.3,       2.4
    1484.0,    2207.0,       3.6,       3.8
    1485.0,    2505.0,       2.9,       1.9
    1486.0,    2276.0,       3.3,       2.9
    1487.0,    1970.0,       3.3,       2.8
    1488.0,    2534.0,       3.2,       2.0
    1489.0,    2388.0,       3.0,       1.5
    1490.0,    2938.0,       3.2,       2.1
    1491.0,    2278.0,       3.5,       1.9
    1492.0,    2261.0,       3.2,       3.4
    1493.0,    2505.0,       3.9,       2.2
    1494.0,    2228.0,       4.0,       3.8
    1495.0,    2498.0,       3.4,       3.9
    1496.0,    2238.0,       3.7,       3.9
    1497.0,    2594.0,       3.6,       1.6
    1498.0,    2655.0,       3.8,       3.8
    1499.0,    2462.0,       3.4,       3.3
    1500.0,    2388.0,       3.4,       3.1
    1501.0,    2217.0,       3.8,       2.1
    1502.0,    2329.0,       3.4,       4.2
    1503.0,    2406.0,       3.6,       2.0
    1504.0,    2290.0,       3.0,       1.6
    1505.0,    2399.0,       2.7,       3.1
    1506.0,    2696.0,       3.1,       3.1
    1507.0,    2698.0,       2.5,       2.8
    1508.0,    2384.0,       3.4,       1.9
    1509.0,    2489.0,       3.6,       4.4
    1510.0,    2537.0,       3.5,       2.2
    1511.0,    2343.0,       3.4,       3.1
    1512.0,    2616.0,       2.8,       2.1
    1513.0,    2696.0,       2.8,       2.0
    1514.0,    2764.0,       3.5,       2.1
    1515.0,    2231.0,       3.8,       2.3
    1516.0,    2498.0,       3.5,       1.8
    1517.0,    2530.0,       2.8,       2.4
    1518.0,    2431.0,       3.6,       2.8
    1519.0,    2168.0,       3.6,       4.4
    1520.0,    2314.0,       3.4,       3.5
    1521.0,    2705.0,       3.1,       3.3
    1522.0,    2425.0,       3.0,       1.4
    1523.0,    2236.0,       3.7,       2.2
    1524.0,    2494.0,       3.3,       2.7
    1525.0,    2657.0,       2.6,       1.4
    1526.0,    2600.0,       2.6,       1.3
    1527.0,    2619.0,       3.1,       2.0
    1528.0,    2579.0,       3.4,       2.1
    1529.0,    2209.0,       3.7,       2.5
    1530.0,    2227.0,       3.1,       3.8
    1531.0,    2439.0,       3.7,       3.2
    1532.0,    2053.0,       3.0,       4.2
    1533.0,    2343.0,       2.7,       2.4
    1534.0,    2675.0,       3.1,       3.3
    1535.0,    2549.0,       3.6,       2.9
    1536.0,    2289.0,       3.4,       2.7
    1537.0,    2587.0,       3.0,       3.0
    1538.0,    2413.0,       3.3,       3.5
    1539.0,    2432.0,       3.0,       3.1
    1540.0,    2246.0,       4.1,       3.6
    1541.0,    2030.0,       3.9,       3.6
    1542.0,    2855.0,       2.6,       2.1
    1543.0,    2135.0,       3.2,       3.8
    1544.0,    2973.0,       2.2,       3.3
    1545.0,    2314.0,       4.0,       3.2
    1546.0,    2094.0,       4.8,       4.7
    1547.0,    2203.0,       3.0,       3.2
    1548.0,    2907.0,       2.7,       2.3
    1549.0,    2775.0,       3.0,       3.5
    1550.0,    2238.0,       3.5,       1.5
    1551.0,    2153.0,       3.6,       2.7
    1552.0,    2542.0,       3.8,       3.4
    1553.0,    2630.0,       2.7,       2.2
    1554.0,    2311.0,       3.8,       2.0
    1555.0,    2696.0,       3.4,       2.7
    1556.0,    2307.0,       3.4,       2.4
    1557.0,    2183.0,       3.6,       1.5
    1558.0,    2579.0,       3.3,       3.2
    1559.0,    2560.0,       3.3,       3.6
    1560.0,    2566.0,       3.3,       1.7
    1561.0,    2465.0,       2.9,       1.5
    1562.0,    2778.0,       3.6,       3.2
    1563.0,    2475.0,       3.8,       3.3
    1564.0,    2561.0,       2.9,       2.1
    1565.0,    2255.0,       3.8,       2.2
    1566.0,    2341.0,       3.4,       4.0
    1567.0,    2425.0,       3.6,       1.7
    1568.0,    2071.0,       3.9,       4.3
    1569.0,    2276.0,       3.4,       3.8
    1570.0,    2341.0,       2.4,       2.8
    1571.0,    1872.0,       3.4,       2.6
    1572.0,    2601.0,       3.3,       2.8
    1573.0,    2691.0,       2.4,       1.9
    1574.0,    2315.0,       3.9,       4.4
    1575.0,    2509.0,       3.0,       2.7
    1576.0,    2823.0,       2.8,       3.4
    1577.0,    2375.0,       3.5,       3.9
    1578.0,    2364.0,       3.4,       2.1
    1579.0,    2477.0,       3.2,       3.2
    1580.0,    2564.0,       3.1,       3.1
    1581.0,    2312.0,       2.9,       4.1
    1582.0,    2256.0,       3.4,       3.2
    1583.0,    2149.0,       3.2,       2.3
    1584.0,    2020.0,       2.6,       4.0
    1585.0,    2673.0,       2.7,       2.1
    1586.0,    2925.0,       2.9,       3.8
    1587.0,    2713.0,       3.1,       1.8
    1588.0,    2487.0,       3.6,       2.3
    1589.0,    2329.0,       3.6,       3.9
    1590.0,    2179.0,       3.8,       3.0
    1591.0,    2114.0,       3.5,       2.4
    1592.0,    2227.0,       2.9,       2.4
    1593.0,    2318.0,       3.5,       1.7
    1594.0,    2427.0,       2.9,       1.4
    1595.0,    2076.0,       2.8,       3.3
    1596.0,    2315.0,       3.6,       2.0
    1597.0,    2653.0,       2.6,       3.7
    1598.0,    2024.0,       2.9,       1.3
    1599.0,    2616.0,       3.4,       1.8
    1600.0,    2066.0,       3.5,       1.7
    1601.0,    1923.0,       4.0,       2.5
    1602.0,    2706.0,       3.3,       1.5
    1603.0,    2548.0,       3.1,       3.1
    1604.0,    2846.0,       3.4,       2.8
    1605.0,    2152.0,       3.7,       4.1
    1606.0,    2858.0,       3.0,       3.2
    1607.0,    2616.0,       3.1,       3.7
    1608.0,    2030.0,       3.3,       4.3
    1609.0,    1823.0,       4.0,       3.2
    1610.0,    2917.0,       2.3,       3.0
    1611.0,    2294.0,       3.8,       1.7
    1612.0,    2513.0,       3.5,       1.8
    1613.0,    2212.0,       3.8,       3.8
    1614.0,    2294.0,       3.1,       1.9
    1615.0,    2306.0,       3.7,       1.8
    1616.0,    2788.0,       2.8,       1.7
    1617.0,    2293.0,       3.9,       2.6
    1618.0,    2500.0,       2.6,       3.4
    1619.0,    2395.0,       2.8,       3.7
    1620.0,    2127.0,       4.1,       2.8
    1621.0,    2413.0,       3.1,       1.6
    1622.0,    2271.0,       3.3,       4.1
    1623.0,    2455.0,       3.5,       2.5
    1624.0,    1965.0,       4.4,       2.8
    1625.0,    2222.0,       3.2,       3.8
    1626.0,    2063.0,       3.0,       3.9
    1627.0,    2077.0,       3.8,       3.4
    1628.0,    2155.0,       3.6,       1.9
    1629.0,    2379.0,       3.3,       3.6
    1630.0,    2171.0,       3.6,       2.7
    1631.0,    2562.0,       4.1,       2.2
    1632.0,    2182.0,       3.0,       2.2
    1633.0,    2846.0,       3.5,       3.5
    1634.0,    2145.0,       3.6,       3.3
    1635.0,    2719.0,       3.3,       2.4
    1636.0,    2440.0,       2.8,       1.9
    1637.0,    2447.0,       3.6,       3.2
    1638.0,    3062.0,       3.2,       2.7
    1639.0,    2650.0,       4.0,       4.1
    1640.0,    2158.0,       3.4,       2.6
    1641.0,    2199.0,       3.8,       3.1
    1642.0,    2745.0,       3.0,       1.5
    1643.0,    2601.0,       2.9,       1.8
    1644.0,    2157.0,       3.8,       3.4
    1645.0,    2400.0,       3.1,       3.9
    1646.0,    2323.0,       3.4,       3.1
    1647.0,    2980.0,       3.1,       4.1
    1648.0,    2313.0,       3.7,       4.1
    1649.0,    2238.0,       4.0,       4.6
    1650.0,    2465.0,       3.8,       2.4
    1651.0,    2140.0,       3.8,       1.7
    1652.0,    2375.0,       3.9,       3.3
    1653.0,    2619.0,       3.8,       4.4
    1654.0,    2140.0,       2.7,       2.0
    1655.0,    2600.0,       2.9,       3.5
    1656.0,    2690.0,       3.0,       1.8
    1657.0,    2548.0,       2.9,       1.4
    1658.0,    2415.0,       2.8,       3.2
    1659.0,    2400.0,       3.4,       3.2
    1660.0,    1776.0,       4.2,       4.8
    1661.0,    2208.0,       3.4,       3.3
    1662.0,    2361.0,       3.5,       2.7
    1663.0,    2353.0,       3.9,       3.9
    1664.0,    2110.0,       3.6,       2.7
    1665.0,    2540.0,       3.5,       3.1
    1666.0,    2375.0,       3.3,       2.7
    1667.0,    2086.0,       4.0,       3.0
    1668.0,    2202.0,       2.9,       1.3
    1669.0,    2451.0,       2.8,       2.3
    1670.0,    2065.0,       3.3,       3.6
    1671.0,    2166.0,       3.4,       2.4
    1672.0,    2702.0,       2.6,       1.6
    1673.0,    2030.0,       3.9,       3.6
    1674.0,    2400.0,       3.3,       3.3
    1675.0,    2777.0,       4.5,       3.1
    1676.0,    2481.0,       3.5,       2.7
    1677.0,    2050.0,       3.4,       1.7
    1678.0,    2931.0,       4.1,       3.1
    1679.0,    2736.0,       2.1,       1.9
    1680.0,    2358.0,       3.3,       4.0
    1681.0,    2638.0,       2.8,       1.4
    1682.0,    2589.0,       3.3,       1.9
    1683.0,    2131.0,       4.0,       2.0
    1684.0,    2552.0,       3.7,       1.8
    1685.0,    2100.0,       3.1,       2.0
    1686.0,    2004.0,       4.8,       3.6
    1687.0,    2457.0,       2.6,       1.8
    1688.0,    2364.0,       3.9,       1.7
    1689.0,    2902.0,       3.1,       4.2
    1690.0,    2780.0,       3.8,       4.1
    1691.0,    2209.0,       3.4,       4.1
    1692.0,    2629.0,       3.3,       2.7
    1693.0,    2299.0,       2.9,       4.1
    1694.0,    2264.0,       3.8,       4.0
    1695.0,    2511.0,       3.6,       3.9
    1696.0,    2567.0,       3.3,       3.3
    1697.0,    2087.0,       3.5,       2.6
    1698.0,    2529.0,       3.9,       3.3
    1699.0,    2137.0,       3.3,       1.4
    1700.0,    2919.0,       2.3,       3.8
    1701.0,    2415.0,       3.4,       1.7
    1702.0,    2327.0,       3.3,       2.1
    1703.0,    2716.0,       3.4,       2.0
    1704.0,    3007.0,       2.1,       3.7
    1705.0,    2360.0,       3.0,       4.2
    1706.0,    2041.0,       4.0,       2.4
    1707.0,    2265.0,       3.4,       2.8
    1708.0,    2353.0,       3.8,       2.0
    1709.0,    2404.0,       3.0,       3.2
    1710.0,    2449.0,       3.3,       2.1
    1711.0,    2136.0,       3.5,       3.3
    1712.0,    2244.0,       3.5,       3.1
    1713.0,    2401.0,       3.7,       1.7
    1714.0,    1976.0,       3.0,       4.0
    1715.0,    2582.0,       3.0,       2.8
    1716.0,    2168.0,       3.5,       1.5
    1717.0,    2688.0,       2.6,       2.4
    1718.0,    2295.0,       4.1,       3.1
    1719.0,    1759.0,       3.7,       3.0
    1720.0,    2615.0,       2.9,       3.5
    1721.0,    2215.0,       3.1,       2.9
    1722.0,    2368.0,       3.8,       4.0
    1723.0,    2489.0,       3.4,       3.9
    1724.0,    2711.0,       3.3,       2.7
    1725.0,    2926.0,       2.6,       3.7
    1726.0,    2318.0,       3.5,       4.4
    1727.0,    1996.0,       3.6,       3.8
    1728.0,    2200.0,       3.5,       2.4
    1729.0,    3103.0,       2.1,       2.7
    1730.0,    2553.0,       3.2,       3.5
    1731.0,    2780.0,       2.7,       1.5
    1732.0,    2261.0,       3.5,       3.9
    1733.0,    2304.0,       3.9,       1.9
    1734.0,    2301.0,       3.9,       4.3
    1735.0,    2345.0,       3.5,       1.7
    1736.0,    1864.0,       3.8,       2.3
    1737.0,    2646.0,       4.0,       1.8
    1738.0,    2912.0,       2.5,       3.9
    1739.0,    1979.0,       4.1,       3.6
    1740.0,    2298.0,       3.8,       2.7
    1741.0,    2210.0,       3.4,       2.2
    1742.0,    2164.0,       3.0,       1.4
    1743.0,    2163.0,       3.7,       4.5
    1744.0,    2074.0,       3.6,       2.7
    1745.0,    2513.0,       3.4,       2.2
    1746.0,    2175.0,       3.5,       3.5
    1747.0,    2722.0,       3.6,       4.1
    1748.0,    2431.0,       3.4,       2.2
    1749.0,    1868.0,       3.4,       2.2
    1750.0,    2542.0,       3.4,       2.6
    1751.0,    2512.0,       2.0,       2.8
    1752.0,    2925.0,       2.6,       2.9
    1753.0,    2316.0,       2.5,       1.2
    1754.0,    2142.0,       3.8,       3.8
    1755.0,    2516.0,       2.5,       3.1
    1756.0,    2564.0,       3.5,       3.8
    1757.0,    2082.0,       3.3,       1.6
    1758.0,    2997.0,       2.5,       1.2
    1759.0,    2770.0,       3.1,       2.3
    1760.0,    2081.0,       3.8,       1.8
    1761.0,    2384.0,       2.3,       3.1
    1762.0,    2441.0,       3.2,       4.3
    1763.0,    2512.0,       2.4,       1.6
    1764.0,    2491.0,       2.9,       3.1
    1765.0,    2612.0,       2.7,       1.2
    1766.0,    2632.0,       3.2,       2.6
    1767.0,    2504.0,       4.1,       3.9
    1768.0,    2513.0,       2.5,       3.7
    1769.0,    2557.0,       2.7,       2.7
    1770.0,    2023.0,       3.4,       4.4
    1771.0,    2301.0,       3.8,       4.4
    1772.0,    2322.0,       3.7,       3.0
    1773.0,    2358.0,       2.3,       2.6
    1774.0,    2200.0,       2.7,       3.9
    1775.0,    2353.0,       3.0,       2.7
    1776.0,    2316.0,       3.3,       3.9
    1777.0,    2775.0,       3.4,       3.6
    1778.0,    2530.0,       4.0,       2.7
    1779.0,    2486.0,       2.4,       1.8
    1780.0,    2178.0,       3.0,       2.9
    1781.0,    2791.0,       2.7,       1.2
    1782.0,    2472.0,       2.5,       3.9
    1783.0,    2747.0,       2.6,       2.2
    1784.0,    2244.0,       3.2,       2.8
    1785.0,    2877.0,       2.9,       1.9
    1786.0,    2586.0,       2.8,       2.6
    1787.0,    1959.0,       3.2,       2.3
    1788.0,    2395.0,       3.3,       3.7
    1789.0,    2776.0,       2.6,       1.9
    1790.0,    2606.0,       2.6,       1.2
    1791.0,    2303.0,       3.6,       4.1
    1792.0,    2252.0,       4.1,       3.3
    1793.0,    2305.0,       3.0,       3.6
    1794.0,    2200.0,       3.2,       3.2
    1795.0,    2664.0,       2.7,       3.0
    1796.0,    2674.0,       3.2,       4.0
    1797.0,    2434.0,       3.5,       3.5
    1798.0,    2255.0,       3.3,       1.8
    1799.0,    2205.0,       3.5,       2.6
    1800.0,    2034.0,       3.6,       1.9
    1801.0,    2385.0,       3.2,       1.6
    1802.0,    2858.0,       2.6,       2.2
    1803.0,    2338.0,       3.3,       1.8
    1804.0,    2343.0,       3.6,       4.0
    1805.0,    2619.0,       2.4,       1.7
    1806.0,    2380.0,       3.7,       3.5
    1807.0,    2626.0,       2.7,       1.8
    1808.0,    2249.0,       3.2,       4.1
    1809.0,    3032.0,       3.3,       4.0
    1810.0,    2455.0,       4.2,       1.8
    1811.0,    2220.0,       3.8,       3.6
    1812.0,    1904.0,       4.3,       2.5
    1813.0,    2703.0,       2.6,       2.9
    1814.0,    2509.0,       3.8,       2.2
    1815.0,    2370.0,       3.0,       3.3
    1816.0,    2483.0,       4.0,       2.4
    1817.0,    2638.0,       3.6,       4.3
    1818.0,    2151.0,       3.6,       3.5
    1819.0,    2502.0,       3.6,       1.8
    1820.0,    2621.0,       2.9,       2.3
    1821.0,    2555.0,       2.8,       3.5
    1822.0,    2258.0,       3.6,       1.9
    1823.0,    2386.0,       3.5,       3.0
    1824.0,    2469.0,       3.4,       2.5
    1825.0,    2286.0,       3.7,       2.8
    1826.0,    2408.0,       3.3,       3.8
    1827.0,    2045.0,       3.6,       2.3
    1828.0,    2037.0,       3.6,       3.7
    1829.0,    2344.0,       3.8,       1.8
    1830.0,    2257.0,       3.2,       2.9
    1831.0,    2576.0,       3.3,       1.8
    1832.0,    2385.0,       2.6,       3.9
    1833.0,    2204.0,       3.7,       3.8
    1834.0,    2175.0,       3.4,       2.3
    1835.0,    2010.0,       3.5,       1.7
    1836.0,    2394.0,       2.8,       3.3
    1837.0,    2210.0,       2.7,       1.8
    1838.0,    2059.0,       3.5,       3.7
    1839.0,    2103.0,       3.5,       1.8
    1840.0,    2167.0,       3.5,       4.3
    1841.0,    2395.0,       3.3,       2.5
    1842.0,    2466.0,       2.4,       3.7
    1843.0,    1889.0,       3.6,       3.2
    1844.0,    2350.0,       3.6,       3.5
    1845.0,    2075.0,       3.3,       1.8
    1846.0,    2145.0,       3.3,       3.5
    1847.0,    2580.0,       3.3,       1.9
    1848.0,    2343.0,       2.8,       3.5
    1849.0,    2660.0,       3.0,       3.5
    1850.0,    2562.0,       4.4,       2.1
    1851.0,    2264.0,       3.6,       3.6
    1852.0,    2300.0,       3.9,       2.3
    1853.0,    2256.0,       2.8,       3.3
    1854.0,    2545.0,       3.0,       3.7
    1855.0,    2068.0,       3.1,       2.7
    1856.0,    2644.0,       2.5,       3.4
    1857.0,    2479.0,       2.7,       2.3
    1858.0,    2513.0,       3.2,       2.7
    1859.0,    2841.0,       2.9,       3.5
    1860.0,    2387.0,       2.9,       2.7
    1861.0,    2041.0,       3.6,       3.4
    1862.0,    3010.0,       2.0,       2.0
    1863.0,    2234.0,       3.2,       3.0
    1864.0,    2082.0,       3.4,       1.4
    1865.0,    2721.0,       3.0,       2.1
    1866.0,    2601.0,       3.0,       3.8
    1867.0,    2333.0,       3.2,       4.2
    1868.0,    2344.0,       3.5,       3.2
    1869.0,    2824.0,       2.8,       3.3
    1870.0,    2679.0,       2.9,       4.0
    1871.0,    2385.0,       3.4,       3.9
    1872.0,    2607.0,       3.1,       3.7
    1873.0,    2123.0,       3.8,       2.9
    1874.0,    2649.0,       3.3,       2.4
    1875.0,    2391.0,       3.5,       3.6
    1876.0,    2519.0,       2.6,       1.2
    1877.0,    2529.0,       2.1,       3.3
    1878.0,    2399.0,       3.1,       1.4
    1879.0,    2640.0,       2.9,       1.9
    1880.0,    2343.0,       3.4,       3.3
    1881.0,    2034.0,       3.6,       1.6
    1882.0,    2351.0,       3.5,       3.4
    1883.0,    2228.0,       3.0,       2.8
    1884.0,    2400.0,       3.0,       3.6
    1885.0,    2443.0,       4.1,       4.3
    1886.0,    1713.0,       4.1,       2.0
    1887.0,    2379.0,       3.9,       4.1
    1888.0,    1995.0,       2.8,       2.6
    1889.0,    2427.0,       3.2,       2.4
    1890.0,    2686.0,       3.2,       2.4
    1891.0,    2974.0,       3.6,       4.1
    1892.0,    2246.0,       3.4,       2.6
    1893.0,    2103.0,       3.0,       1.8
    1894.0,    2572.0,       3.2,       2.6
    1895.0,    2636.0,       3.0,       2.2
    1896.0,    2163.0,       3.3,       4.1
    1897.0,    2464.0,       3.3,       1.8
    1898.0,    2112.0,       2.8,       1.5
    1899.0,    2819.0,       3.4,       4.0
    1900.0,    2389.0,       3.2,       3.3
    1901.0,    2668.0,       3.4,       2.0
    1902.0,    2376.0,       3.9,       4.5
    1903.0,    2443.0,       3.2,       3.1
    1904.0,    2586.0,       2.6,       2.1
    1905.0,    2847.0,       4.0,       4.2
    1906.0,    2299.0,       3.3,       4.2
    1907.0,    2665.0,       2.6,       2.3
    1908.0,    2400.0,       3.4,       2.5
    1909.0,    2294.0,       3.2,       3.9
    1910.0,    2687.0,       3.8,       2.2
    1911.0,    2396.0,       3.7,       2.4
    1912.0,    2410.0,       3.3,       3.4
    1913.0,    2223.0,       3.6,       4.2
    1914.0,    2474.0,       3.6,       1.9
    1915.0,    2418.0,       3.1,       2.6
    1916.0,    2292.0,       3.7,       3.2
    1917.0,    2397.0,       3.3,       2.2
    1918.0,    2528.0,       2.8,       1.9
    1919.0,    2633.0,       2.8,       1.6
    1920.0,    2640.0,       3.8,       1.9
    1921.0,    2312.0,       3.7,       1.6
    1922.0,    2371.0,       3.7,       4.0
    1923.0,    2324.0,       3.2,       3.1
    1924.0,    2524.0,       3.5,       3.3
    1925.0,    2611.0,       3.1,       3.9
    1926.0,    2313.0,       3.4,       4.2
    1927.0,    2907.0,       3.5,       1.6
    1928.0,    2271.0,       3.2,       4.1
    1929.0,    2415.0,       3.2,       3.8
    1930.0,    2229.0,       3.4,       2.3
    1931.0,    2297.0,       3.6,       3.4
    1932.0,    2474.0,       3.1,       3.0
    1933.0,    2172.0,       3.3,       2.2
    1934.0,    2756.0,       3.6,       2.9
    1935.0,    2138.0,       3.2,       2.7
    1936.0,    2245.0,       4.0,       2.5
    1937.0,    2872.0,       2.8,       3.1
    1938.0,    2694.0,       3.5,       3.7
    1939.0,    2458.0,       3.8,       2.0
    1940.0,    2626.0,       3.5,       3.4
    1941.0,    2071.0,       3.2,       2.5
    1942.0,    2649.0,       2.6,       2.7
    1943.0,    2171.0,       3.5,       2.7
    1944.0,    2700.0,       3.4,       2.9
    1945.0,    2203.0,       3.1,       2.0
    1946.0,    2266.0,       3.4,       1.5
    1947.0,    2547.0,       3.2,       4.0
    1948.0,    2509.0,       3.1,       1.8
    1949.0,    2410.0,       2.6,       1.9
    1950.0,    2507.0,       3.1,       1.8
    1951.0,    2648.0,       2.7,       2.6
    1952.0,    2260.0,       3.5,       1.9
    1953.0,    2124.0,       3.3,       3.9
    1954.0,    2469.0,       2.5,       1.4
    1955.0,    2387.0,       3.5,       3.5
    1956.0,    2690.0,       2.8,       3.4
    1957.0,    2511.0,       2.9,       3.1
    1958.0,    2246.0,       2.7,       2.6
    1959.0,    2506.0,       3.9,       3.6
    1960.0,    2875.0,       3.0,       2.2
    1961.0,    2857.0,       2.4,       2.6
    1962.0,    2221.0,       3.5,       2.6
    1963.0,    2249.0,       3.8,       3.6
    1964.0,    2421.0,       3.5,       1.6
    1965.0,    2480.0,       2.8,       1.9
    1966.0,    2065.0,       3.7,       3.4
    1967.0,    2061.0,       4.2,       4.6
    1968.0,    2410.0,       3.5,       3.0
    1969.0,    2654.0,       2.7,       3.7
    1970.0,    2696.0,       3.4,       3.6
    1971.0,    2552.0,       3.4,       3.5
    1972.0,    2284.0,       3.2,       2.6
    1973.0,    2496.0,       2.6,       1.3
    1974.0,    2277.0,       3.2,       1.9
    1975.0,    2347.0,       3.5,       4.1
    1976.0,    2409.0,       2.7,       3.3
    1977.0,    2371.0,       3.4,       3.2
    1978.0,    2620.0,       3.3,       3.7
    1979.0,    2821.0,       3.4,       4.3
    1980.0,    2141.0,       3.5,       2.8
    1981.0,    2386.0,       2.8,       1.6
    1982.0,    2537.0,       4.3,       3.3
    1983.0,    2526.0,       3.8,       3.0
    1984.0,    2849.0,       3.7,       2.9
    1985.0,    2215.0,       3.0,       1.9
    1986.0,    2577.0,       3.2,       3.8
    1987.0,    2383.0,       3.1,       2.5
    1988.0,    2842.0,       2.6,       3.6
    1989.0,    2292.0,       2.8,       1.6
    1990.0,    2650.0,       2.7,       1.6
    1991.0,    2607.0,       3.3,       3.1
    1992.0,    1871.0,       4.3,       1.9
    1993.0,    2517.0,       3.4,       3.1
    1994.0,    2276.0,       3.7,       2.2
    1995.0,    2240.0,       3.4,       2.1
    1996.0,    2124.0,       3.4,       2.4
    1997.0,    2281.0,       3.1,       1.5
    1998.0,    2184.0,       3.7,       2.6
    1999.0,    2318.0,       2.7,       2.6
    2000.0,    2685.0,       2.2,       3.8
